timestamp,cpu,memory
2023-11-16 00:00:00,81,71
2023-11-16 00:15:00,102,68
2023-11-16 00:30:00,86,52
2023-11-16 00:45:00,88,41
2023-11-16 01:00:00,100,51
2023-11-16 01:15:00,87,38
2023-11-16 01:30:00,64,31
2023-11-16 01:45:00,93,34
2023-11-16 02:00:00,50,38
2023-11-16 02:15:00,76,25
2023-11-16 02:30:00,50,29
2023-11-16 02:45:00,90,20
2023-11-16 03:00:00,50,21
2023-11-16 03:15:00,50,20
2023-11-16 03:30:00,77,29
2023-11-16 03:45:00,71,20
2023-11-16 04:00:00,50,25
2023-11-16 04:15:00,76,21
2023-11-16 04:30:00,50,20
2023-11-16 04:45:00,77,24
2023-11-16 05:00:00,66,20
2023-11-16 05:15:00,50,22
2023-11-16 05:30:00,50,24
2023-11-16 05:45:00,79,30
2023-11-16 06:00:00,79,38
2023-11-16 06:15:00,50,43
2023-11-16 06:30:00,97,48
2023-11-16 06:45:00,92,37
2023-11-16 07:00:00,100,45
2023-11-16 07:15:00,94,49
2023-11-16 07:30:00,71,59
2023-11-16 07:45:00,58,56
2023-11-16 08:00:00,76,72
2023-11-16 08:15:00,67,64
2023-11-16 08:30:00,62,66
2023-11-16 08:45:00,62,74
2023-11-16 09:00:00,105,80
2023-11-16 09:15:00,137,84
2023-11-16 09:30:00,129,89
2023-11-16 09:45:00,114,96
2023-11-16 10:00:00,121,102
2023-11-16 10:15:00,96,125
2023-11-16 10:30:00,119,123
2023-11-16 10:45:00,163,127
2023-11-16 11:00:00,154,138
2023-11-16 11:15:00,122,144
2023-11-16 11:30:00,165,142
2023-11-16 11:45:00,129,151
2023-11-16 12:00:00,169,163
2023-11-16 12:15:00,169,152
2023-11-16 12:30:00,148,164
2023-11-16 12:45:00,200,177
2023-11-16 13:00:00,181,170
2023-11-16 13:15:00,158,168
2023-11-16 13:30:00,145,182
2023-11-16 13:45:00,173,174
2023-11-16 14:00:00,151,185
2023-11-16 14:15:00,197,200
2023-11-16 14:30:00,156,183
2023-11-16 14:45:00,200,186
2023-11-16 15:00:00,200,195
2023-11-16 15:15:00,200,200
2023-11-16 15:30:00,190,200
2023-11-16 15:45:00,200,193
2023-11-16 16:00:00,170,195
2023-11-16 16:15:00,200,200
2023-11-16 16:30:00,200,196
2023-11-16 16:45:00,200,194
2023-11-16 17:00:00,191,192
2023-11-16 17:15:00,164,191
2023-11-16 17:30:00,200,190
2023-11-16 17:45:00,200,181
2023-11-16 18:00:00,200,188
2023-11-16 18:15:00,160,192
2023-11-16 18:30:00,193,184
2023-11-16 18:45:00,169,182
2023-11-16 19:00:00,200,166
2023-11-16 19:15:00,182,171
2023-11-16 19:30:00,165,164
2023-11-16 19:45:00,171,161
2023-11-16 20:00:00,143,149
2023-11-16 20:15:00,135,150
2023-11-16 20:30:00,159,140
2023-11-16 20:45:00,140,136
2023-11-16 21:00:00,115,132
2023-11-16 21:15:00,115,119
2023-11-16 21:30:00,123,127
2023-11-16 21:45:00,104,117
2023-11-16 22:00:00,131,102
2023-11-16 22:15:00,93,100
2023-11-16 22:30:00,148,96
2023-11-16 22:45:00,72,85
2023-11-16 23:00:00,105,80
2023-11-16 23:15:00,138,88
2023-11-16 23:30:00,133,66
2023-11-16 23:45:00,88,68
2023-11-17 00:00:00,87,62
2023-11-17 00:15:00,74,54
2023-11-17 00:30:00,83,54
2023-11-17 00:45:00,69,50
2023-11-17 01:00:00,73,48
2023-11-17 01:15:00,104,41
2023-11-17 01:30:00,80,47
2023-11-17 01:45:00,54,36
2023-11-17 02:00:00,56,32
2023-11-17 02:15:00,67,21
2023-11-17 02:30:00,50,24
2023-11-17 02:45:00,50,29
2023-11-17 03:00:00,72,24
2023-11-17 03:15:00,86,27
2023-11-17 03:30:00,50,27
2023-11-17 03:45:00,50,20
2023-11-17 04:00:00,50,20
2023-11-17 04:15:00,84,21
2023-11-17 04:30:00,90,23
2023-11-17 04:45:00,77,27
2023-11-17 05:00:00,50,28
2023-11-17 05:15:00,75,21
2023-11-17 05:30:00,50,32
2023-11-17 05:45:00,50,38
2023-11-17 06:00:00,55,25
2023-11-17 06:15:00,71,44
2023-11-17 06:30:00,50,45
2023-11-17 06:45:00,80,44
2023-11-17 07:00:00,66,49
2023-11-17 07:15:00,54,50
2023-11-17 07:30:00,50,54
2023-11-17 07:45:00,58,57
2023-11-17 08:00:00,76,60
2023-11-17 08:15:00,65,70
2023-11-17 08:30:00,65,76
2023-11-17 08:45:00,80,71
2023-11-17 09:00:00,130,88
2023-11-17 09:15:00,100,86
2023-11-17 09:30:00,150,89
2023-11-17 09:45:00,105,102
2023-11-17 10:00:00,160,103
2023-11-17 10:15:00,93,120
2023-11-17 10:30:00,109,122
2023-11-17 10:45:00,171,136
2023-11-17 11:00:00,113,141
2023-11-17 11:15:00,137,138
2023-11-17 11:30:00,119,150
2023-11-17 11:45:00,157,156
2023-11-17 12:00:00,189,149
2023-11-17 12:15:00,182,160
2023-11-17 12:30:00,200,161
2023-11-17 12:45:00,180,164
2023-11-17 13:00:00,162,178
2023-11-17 13:15:00,180,179
2023-11-17 13:30:00,182,182
2023-11-17 13:45:00,200,188
2023-11-17 14:00:00,200,178
2023-11-17 14:15:00,196,183
2023-11-17 14:30:00,162,198
2023-11-17 14:45:00,156,191
2023-11-17 15:00:00,200,191
2023-11-17 15:15:00,200,189
2023-11-17 15:30:00,200,200
2023-11-17 15:45:00,199,190
2023-11-17 16:00:00,200,197
2023-11-17 16:15:00,163,196
2023-11-17 16:30:00,198,193
2023-11-17 16:45:00,200,198
2023-11-17 17:00:00,188,199
2023-11-17 17:15:00,180,200
2023-11-17 17:30:00,174,192
2023-11-17 17:45:00,163,186
2023-11-17 18:00:00,200,187
2023-11-17 18:15:00,200,194
2023-11-17 18:30:00,157,190
2023-11-17 18:45:00,162,168
2023-11-17 19:00:00,197,179
2023-11-17 19:15:00,162,175
2023-11-17 19:30:00,169,167
2023-11-17 19:45:00,195,166
2023-11-17 20:00:00,136,149
2023-11-17 20:15:00,160,154
2023-11-17 20:30:00,175,147
2023-11-17 20:45:00,152,131
2023-11-17 21:00:00,184,137
2023-11-17 21:15:00,172,127
2023-11-17 21:30:00,159,123
2023-11-17 21:45:00,97,114
2023-11-17 22:00:00,97,106
2023-11-17 22:15:00,148,103
2023-11-17 22:30:00,139,103
2023-11-17 22:45:00,131,95
2023-11-17 23:00:00,96,83
2023-11-17 23:15:00,67,78
2023-11-17 23:30:00,65,79
2023-11-17 23:45:00,117,80
2023-11-18 00:00:00,60,72
2023-11-18 00:15:00,106,55
2023-11-18 00:30:00,50,55
2023-11-18 00:45:00,64,53
2023-11-18 01:00:00,105,52
2023-11-18 01:15:00,87,38
2023-11-18 01:30:00,97,35
2023-11-18 01:45:00,50,26
2023-11-18 02:00:00,83,38
2023-11-18 02:15:00,81,36
2023-11-18 02:30:00,86,34
2023-11-18 02:45:00,50,20
2023-11-18 03:00:00,50,20
2023-11-18 03:15:00,80,20
2023-11-18 03:30:00,72,20
2023-11-18 03:45:00,62,27
2023-11-18 04:00:00,84,21
2023-11-18 04:15:00,86,20
2023-11-18 04:30:00,50,28
2023-11-18 04:45:00,50,30
2023-11-18 05:00:00,89,31
2023-11-18 05:15:00,76,20
2023-11-18 05:30:00,50,28
2023-11-18 05:45:00,93,21
2023-11-18 06:00:00,50,41
2023-11-18 06:15:00,75,35
2023-11-18 06:30:00,89,42
2023-11-18 06:45:00,50,47
2023-11-18 07:00:00,52,44
2023-11-18 07:15:00,74,58
2023-11-18 07:30:00,93,57
2023-11-18 07:45:00,95,53
2023-11-18 08:00:00,51,57
2023-11-18 08:15:00,105,65
2023-11-18 08:30:00,85,80
2023-11-18 08:45:00,84,86
2023-11-18 09:00:00,67,91
2023-11-18 09:15:00,82,85
2023-11-18 09:30:00,107,91
2023-11-18 09:45:00,110,95
2023-11-18 10:00:00,114,112
2023-11-18 10:15:00,168,122
2023-11-18 10:30:00,143,114
2023-11-18 10:45:00,140,124
2023-11-18 11:00:00,182,129
2023-11-18 11:15:00,177,147
2023-11-18 11:30:00,182,152
2023-11-18 11:45:00,123,149
2023-11-18 12:00:00,173,152
2023-11-18 12:15:00,140,166
2023-11-18 12:30:00,183,166
2023-11-18 12:45:00,177,176
2023-11-18 13:00:00,172,177
2023-11-18 13:15:00,200,179
2023-11-18 13:30:00,149,182
2023-11-18 13:45:00,163,175
2023-11-18 14:00:00,152,184
2023-11-18 14:15:00,169,194
2023-11-18 14:30:00,200,192
2023-11-18 14:45:00,174,200
2023-11-18 15:00:00,200,187
2023-11-18 15:15:00,183,199
2023-11-18 15:30:00,200,200
2023-11-18 15:45:00,195,200
2023-11-18 16:00:00,172,200
2023-11-18 16:15:00,195,200
2023-11-18 16:30:00,169,199
2023-11-18 16:45:00,200,189
2023-11-18 17:00:00,163,196
2023-11-18 17:15:00,161,192
2023-11-18 17:30:00,160,198
2023-11-18 17:45:00,176,199
2023-11-18 18:00:00,200,180
2023-11-18 18:15:00,200,189
2023-11-18 18:30:00,167,177
2023-11-18 18:45:00,200,168
2023-11-18 19:00:00,194,173
2023-11-18 19:15:00,171,174
2023-11-18 19:30:00,196,155
2023-11-18 19:45:00,187,163
2023-11-18 20:00:00,170,160
2023-11-18 20:15:00,172,144
2023-11-18 20:30:00,161,135
2023-11-18 20:45:00,114,129
2023-11-18 21:00:00,136,137
2023-11-18 21:15:00,124,128
2023-11-18 21:30:00,103,111
2023-11-18 21:45:00,152,125
2023-11-18 22:00:00,114,102
2023-11-18 22:15:00,116,109
2023-11-18 22:30:00,138,100
2023-11-18 22:45:00,77,88
2023-11-18 23:00:00,67,80
2023-11-18 23:15:00,124,78
2023-11-18 23:30:00,97,70
2023-11-18 23:45:00,101,67
2023-11-19 00:00:00,125,56
2023-11-19 00:15:00,50,64
2023-11-19 00:30:00,115,53
2023-11-19 00:45:00,50,47
2023-11-19 01:00:00,103,47
2023-11-19 01:15:00,100,45
2023-11-19 01:30:00,84,29
2023-11-19 01:45:00,50,45
2023-11-19 02:00:00,50,31
2023-11-19 02:15:00,76,23
2023-11-19 02:30:00,50,24
2023-11-19 02:45:00,79,20
2023-11-19 03:00:00,50,20
2023-11-19 03:15:00,50,23
2023-11-19 03:30:00,80,29
2023-11-19 03:45:00,61,20
2023-11-19 04:00:00,50,27
2023-11-19 04:15:00,68,20
2023-11-19 04:30:00,50,20
2023-11-19 04:45:00,79,20
2023-11-19 05:00:00,77,26
2023-11-19 05:15:00,50,20
2023-11-19 05:30:00,50,31
2023-11-19 05:45:00,50,26
2023-11-19 06:00:00,76,39
2023-11-19 06:15:00,66,31
2023-11-19 06:30:00,50,34
2023-11-19 06:45:00,83,41
2023-11-19 07:00:00,50,54
2023-11-19 07:15:00,80,50
2023-11-19 07:30:00,115,52
2023-11-19 07:45:00,102,63
2023-11-19 08:00:00,73,55
2023-11-19 08:15:00,83,78
2023-11-19 08:30:00,120,82
2023-11-19 08:45:00,117,84
2023-11-19 09:00:00,110,96
2023-11-19 09:15:00,110,97
2023-11-19 09:30:00,86,107
2023-11-19 09:45:00,99,101
2023-11-19 10:00:00,93,102
2023-11-19 10:15:00,107,123
2023-11-19 10:30:00,161,128
2023-11-19 10:45:00,144,122
2023-11-19 11:00:00,144,124
2023-11-19 11:15:00,113,132
2023-11-19 11:30:00,170,143
2023-11-19 11:45:00,119,150
2023-11-19 12:00:00,123,163
2023-11-19 12:15:00,191,154
2023-11-19 12:30:00,200,157
2023-11-19 12:45:00,185,170
2023-11-19 13:00:00,200,164
2023-11-19 13:15:00,167,186
2023-11-19 13:30:00,200,184
2023-11-19 13:45:00,200,193
2023-11-19 14:00:00,197,178
2023-11-19 14:15:00,184,195
2023-11-19 14:30:00,200,199
2023-11-19 14:45:00,171,200
2023-11-19 15:00:00,200,188
2023-11-19 15:15:00,190,196
2023-11-19 15:30:00,183,200
2023-11-19 15:45:00,165,200
2023-11-19 16:00:00,199,200
2023-11-19 16:15:00,200,200
2023-11-19 16:30:00,200,197
2023-11-19 16:45:00,200,195
2023-11-19 17:00:00,170,198
2023-11-19 17:15:00,177,190
2023-11-19 17:30:00,200,200
2023-11-19 17:45:00,200,184
2023-11-19 18:00:00,177,190
2023-11-19 18:15:00,200,175
2023-11-19 18:30:00,163,171
2023-11-19 18:45:00,200,177
2023-11-19 19:00:00,170,180
2023-11-19 19:15:00,175,166
2023-11-19 19:30:00,135,171
2023-11-19 19:45:00,152,157
2023-11-19 20:00:00,173,147
2023-11-19 20:15:00,152,151
2023-11-19 20:30:00,161,139
2023-11-19 20:45:00,110,131
2023-11-19 21:00:00,164,128
2023-11-19 21:15:00,151,121
2023-11-19 21:30:00,132,125
2023-11-19 21:45:00,135,119
2023-11-19 22:00:00,162,118
2023-11-19 22:15:00,104,111
2023-11-19 22:30:00,140,102
2023-11-19 22:45:00,89,89
2023-11-19 23:00:00,107,90
2023-11-19 23:15:00,79,81
2023-11-19 23:30:00,69,66
2023-11-19 23:45:00,57,63
2023-11-20 00:00:00,99,57
2023-11-20 00:15:00,103,52
2023-11-20 00:30:00,75,52
2023-11-20 00:45:00,76,60
2023-11-20 01:00:00,52,55
2023-11-20 01:15:00,105,34
2023-11-20 01:30:00,50,35
2023-11-20 01:45:00,50,34
2023-11-20 02:00:00,68,35
2023-11-20 02:15:00,58,39
2023-11-20 02:30:00,50,29
2023-11-20 02:45:00,82,28
2023-11-20 03:00:00,50,20
2023-11-20 03:15:00,67,22
2023-11-20 03:30:00,50,27
2023-11-20 03:45:00,64,21
2023-11-20 04:00:00,59,23
2023-11-20 04:15:00,82,20
2023-11-20 04:30:00,72,21
2023-11-20 04:45:00,50,20
2023-11-20 05:00:00,50,28
2023-11-20 05:15:00,77,20
2023-11-20 05:30:00,66,32
2023-11-20 05:45:00,95,33
2023-11-20 06:00:00,50,31
2023-11-20 06:15:00,65,31
2023-11-20 06:30:00,85,45
2023-11-20 06:45:00,98,50
2023-11-20 07:00:00,95,37
2023-11-20 07:15:00,87,46
2023-11-20 07:30:00,50,62
2023-11-20 07:45:00,65,67
2023-11-20 08:00:00,108,73
2023-11-20 08:15:00,82,72
2023-11-20 08:30:00,89,66
2023-11-20 08:45:00,96,72
2023-11-20 09:00:00,68,77
2023-11-20 09:15:00,138,87
2023-11-20 09:30:00,147,108
2023-11-20 09:45:00,103,108
2023-11-20 10:00:00,121,118
2023-11-20 10:15:00,136,114
2023-11-20 10:30:00,146,122
2023-11-20 10:45:00,109,120
2023-11-20 11:00:00,118,127
2023-11-20 11:15:00,180,142
2023-11-20 11:30:00,161,150
2023-11-20 11:45:00,193,149
2023-11-20 12:00:00,165,163
2023-11-20 12:15:00,196,166
2023-11-20 12:30:00,139,166
2023-11-20 12:45:00,182,167
2023-11-20 13:00:00,177,169
2023-11-20 13:15:00,200,185
2023-11-20 13:30:00,200,182
2023-11-20 13:45:00,200,175
2023-11-20 14:00:00,170,178
2023-11-20 14:15:00,182,195
2023-11-20 14:30:00,180,200
2023-11-20 14:45:00,191,189
2023-11-20 15:00:00,181,200
2023-11-20 15:15:00,186,200
2023-11-20 15:30:00,196,200
2023-11-20 15:45:00,200,200
2023-11-20 16:00:00,200,200
2023-11-20 16:15:00,200,195
2023-11-20 16:30:00,179,200
2023-11-20 16:45:00,181,193
2023-11-20 17:00:00,185,200
2023-11-20 17:15:00,180,188
2023-11-20 17:30:00,200,188
2023-11-20 17:45:00,152,190
2023-11-20 18:00:00,200,191
2023-11-20 18:15:00,168,193
2023-11-20 18:30:00,195,179
2023-11-20 18:45:00,148,172
2023-11-20 19:00:00,197,176
2023-11-20 19:15:00,173,179
2023-11-20 19:30:00,173,154
2023-11-20 19:45:00,199,152
2023-11-20 20:00:00,197,161
2023-11-20 20:15:00,132,141
2023-11-20 20:30:00,145,141
2023-11-20 20:45:00,160,145
2023-11-20 21:00:00,128,127
2023-11-20 21:15:00,170,134
2023-11-20 21:30:00,101,131
2023-11-20 21:45:00,104,120
2023-11-20 22:00:00,86,102
2023-11-20 22:15:00,148,100
2023-11-20 22:30:00,118,91
2023-11-20 22:45:00,145,86
2023-11-20 23:00:00,108,89
2023-11-20 23:15:00,128,88
2023-11-20 23:30:00,72,75
2023-11-20 23:45:00,82,78
2023-11-21 00:00:00,76,66
2023-11-21 00:15:00,66,64
2023-11-21 00:30:00,113,50
2023-11-21 00:45:00,74,57
2023-11-21 01:00:00,50,47
2023-11-21 01:15:00,50,35
2023-11-21 01:30:00,59,38
2023-11-21 01:45:00,50,25
2023-11-21 02:00:00,68,32
2023-11-21 02:15:00,75,23
2023-11-21 02:30:00,50,20
2023-11-21 02:45:00,73,27
2023-11-21 03:00:00,78,20
2023-11-21 03:15:00,50,20
2023-11-21 03:30:00,50,20
2023-11-21 03:45:00,50,28
2023-11-21 04:00:00,50,28
2023-11-21 04:15:00,78,20
2023-11-21 04:30:00,50,20
2023-11-21 04:45:00,50,23
2023-11-21 05:00:00,50,26
2023-11-21 05:15:00,66,27
2023-11-21 05:30:00,66,36
2023-11-21 05:45:00,64,27
2023-11-21 06:00:00,61,24
2023-11-21 06:15:00,74,43
2023-11-21 06:30:00,51,42
2023-11-21 06:45:00,56,35
2023-11-21 07:00:00,59,50
2023-11-21 07:15:00,114,54
2023-11-21 07:30:00,66,58
2023-11-21 07:45:00,50,53
2023-11-21 08:00:00,57,56
2023-11-21 08:15:00,122,75
2023-11-21 08:30:00,89,74
2023-11-21 08:45:00,75,88
2023-11-21 09:00:00,100,90
2023-11-21 09:15:00,144,83
2023-11-21 09:30:00,101,103
2023-11-21 09:45:00,130,103
2023-11-21 10:00:00,107,109
2023-11-21 10:15:00,161,120
2023-11-21 10:30:00,130,124
2023-11-21 10:45:00,137,121
2023-11-21 11:00:00,144,134
2023-11-21 11:15:00,123,135
2023-11-21 11:30:00,153,134
2023-11-21 11:45:00,151,156
2023-11-21 12:00:00,142,154
2023-11-21 12:15:00,179,152
2023-11-21 12:30:00,195,168
2023-11-21 12:45:00,166,173
2023-11-21 13:00:00,199,168
2023-11-21 13:15:00,143,180
2023-11-21 13:30:00,180,186
2023-11-21 13:45:00,173,181
2023-11-21 14:00:00,200,197
2023-11-21 14:15:00,200,191
2023-11-21 14:30:00,174,200
2023-11-21 14:45:00,186,195
2023-11-21 15:00:00,200,196
2023-11-21 15:15:00,181,194
2023-11-21 15:30:00,200,195
2023-11-21 15:45:00,196,200
2023-11-21 16:00:00,181,200
2023-11-21 16:15:00,200,190
2023-11-21 16:30:00,184,197
2023-11-21 16:45:00,160,197
2023-11-21 17:00:00,167,200
2023-11-21 17:15:00,167,186
2023-11-21 17:30:00,200,199
2023-11-21 17:45:00,191,192
2023-11-21 18:00:00,183,180
2023-11-21 18:15:00,200,177
2023-11-21 18:30:00,179,174
2023-11-21 18:45:00,191,172
2023-11-21 19:00:00,159,165
2023-11-21 19:15:00,149,174
2023-11-21 19:30:00,191,159
2023-11-21 19:45:00,171,164
2023-11-21 20:00:00,151,161
2023-11-21 20:15:00,191,142
2023-11-21 20:30:00,173,144
2023-11-21 20:45:00,132,131
2023-11-21 21:00:00,114,143
2023-11-21 21:15:00,156,126
2023-11-21 21:30:00,109,115
2023-11-21 21:45:00,123,124
2023-11-21 22:00:00,136,113
2023-11-21 22:15:00,81,95
2023-11-21 22:30:00,139,105
2023-11-21 22:45:00,128,85
2023-11-21 23:00:00,73,90
2023-11-21 23:15:00,115,90
2023-11-21 23:30:00,98,76
2023-11-21 23:45:00,95,66
2023-11-22 00:00:00,113,59
2023-11-22 00:15:00,119,57
2023-11-22 00:30:00,58,59
2023-11-22 00:45:00,97,53
2023-11-22 01:00:00,50,45
2023-11-22 01:15:00,85,51
2023-11-22 01:30:00,85,44
2023-11-22 01:45:00,84,31
2023-11-22 02:00:00,50,31
2023-11-22 02:15:00,50,26
2023-11-22 02:30:00,72,20
2023-11-22 02:45:00,50,30
2023-11-22 03:00:00,50,27
2023-11-22 03:15:00,50,20
2023-11-22 03:30:00,50,20
2023-11-22 03:45:00,63,22
2023-11-22 04:00:00,50,27
2023-11-22 04:15:00,50,20
2023-11-22 04:30:00,54,20
2023-11-22 04:45:00,50,28
2023-11-22 05:00:00,62,20
2023-11-22 05:15:00,51,20
2023-11-22 05:30:00,72,27
2023-11-22 05:45:00,50,27
2023-11-22 06:00:00,50,32
2023-11-22 06:15:00,50,36
2023-11-22 06:30:00,68,48
2023-11-22 06:45:00,50,46
2023-11-22 07:00:00,79,41
2023-11-22 07:15:00,50,45
2023-11-22 07:30:00,102,56
2023-11-22 07:45:00,79,54
2023-11-22 08:00:00,89,70
2023-11-22 08:15:00,83,67
2023-11-22 08:30:00,119,75
2023-11-22 08:45:00,61,88
2023-11-22 09:00:00,71,93
2023-11-22 09:15:00,127,100
2023-11-22 09:30:00,107,89
2023-11-22 09:45:00,146,106
2023-11-22 10:00:00,121,104
2023-11-22 10:15:00,169,115
2023-11-22 10:30:00,155,115
2023-11-22 10:45:00,132,121
2023-11-22 11:00:00,159,123
2023-11-22 11:15:00,175,129
2023-11-22 11:30:00,146,150
2023-11-22 11:45:00,167,156
2023-11-22 12:00:00,166,159
2023-11-22 12:15:00,200,158
2023-11-22 12:30:00,153,167
2023-11-22 12:45:00,151,178
2023-11-22 13:00:00,159,177
2023-11-22 13:15:00,162,183
2023-11-22 13:30:00,155,181
2023-11-22 13:45:00,200,184
2023-11-22 14:00:00,200,185
2023-11-22 14:15:00,200,194
2023-11-22 14:30:00,158,189
2023-11-22 14:45:00,200,191
2023-11-22 15:00:00,200,200
2023-11-22 15:15:00,172,200
2023-11-22 15:30:00,165,189
2023-11-22 15:45:00,200,200
2023-11-22 16:00:00,200,196
2023-11-22 16:15:00,200,200
2023-11-22 16:30:00,167,191
2023-11-22 16:45:00,200,197
2023-11-22 17:00:00,200,187
2023-11-22 17:15:00,161,200
2023-11-22 17:30:00,200,185
2023-11-22 17:45:00,164,181
2023-11-22 18:00:00,158,178
2023-11-22 18:15:00,200,185
2023-11-22 18:30:00,159,180
2023-11-22 18:45:00,156,179
2023-11-22 19:00:00,200,175
2023-11-22 19:15:00,135,161
2023-11-22 19:30:00,183,165
2023-11-22 19:45:00,193,167
2023-11-22 20:00:00,134,145
2023-11-22 20:15:00,194,146
2023-11-22 20:30:00,131,147
2023-11-22 20:45:00,124,140
2023-11-22 21:00:00,137,133
2023-11-22 21:15:00,165,127
2023-11-22 21:30:00,149,115
2023-11-22 21:45:00,124,125
2023-11-22 22:00:00,99,115
2023-11-22 22:15:00,120,102
2023-11-22 22:30:00,144,90
2023-11-22 22:45:00,95,99
2023-11-22 23:00:00,101,94
2023-11-22 23:15:00,140,73
2023-11-22 23:30:00,112,84
2023-11-22 23:45:00,98,75
2023-11-23 00:00:00,104,58
2023-11-23 00:15:00,100,52
2023-11-23 00:30:00,89,55
2023-11-23 00:45:00,91,47
2023-11-23 01:00:00,86,40
2023-11-23 01:15:00,69,48
2023-11-23 01:30:00,50,29
2023-11-23 01:45:00,50,34
2023-11-23 02:00:00,50,37
2023-11-23 02:15:00,91,37
2023-11-23 02:30:00,64,20
2023-11-23 02:45:00,50,33
2023-11-23 03:00:00,66,20
2023-11-23 03:15:00,50,20
2023-11-23 03:30:00,57,20
2023-11-23 03:45:00,62,20
2023-11-23 04:00:00,50,29
2023-11-23 04:15:00,50,20
2023-11-23 04:30:00,50,27
2023-11-23 04:45:00,73,22
2023-11-23 05:00:00,50,20
2023-11-23 05:15:00,50,20
2023-11-23 05:30:00,53,23
2023-11-23 05:45:00,97,29
2023-11-23 06:00:00,65,39
2023-11-23 06:15:00,95,27
2023-11-23 06:30:00,50,36
2023-11-23 06:45:00,50,48
2023-11-23 07:00:00,89,55
2023-11-23 07:15:00,113,58
2023-11-23 07:30:00,83,50
2023-11-23 07:45:00,52,53
2023-11-23 08:00:00,80,68
2023-11-23 08:15:00,67,77
2023-11-23 08:30:00,100,80
2023-11-23 08:45:00,97,79
2023-11-23 09:00:00,99,91
2023-11-23 09:15:00,110,93
2023-11-23 09:30:00,87,99
2023-11-23 09:45:00,153,107
2023-11-23 10:00:00,104,107
2023-11-23 10:15:00,109,110
2023-11-23 10:30:00,141,122
2023-11-23 10:45:00,177,119
2023-11-23 11:00:00,182,138
2023-11-23 11:15:00,129,142
2023-11-23 11:30:00,168,141
2023-11-23 11:45:00,187,148
2023-11-23 12:00:00,125,162
2023-11-23 12:15:00,146,158
2023-11-23 12:30:00,196,168
2023-11-23 12:45:00,155,164
2023-11-23 13:00:00,147,168
2023-11-23 13:15:00,194,172
2023-11-23 13:30:00,200,190
2023-11-23 13:45:00,157,188
2023-11-23 14:00:00,156,186
2023-11-23 14:15:00,165,198
2023-11-23 14:30:00,161,200
2023-11-23 14:45:00,200,200
2023-11-23 15:00:00,200,190
2023-11-23 15:15:00,200,200
2023-11-23 15:30:00,200,195
2023-11-23 15:45:00,169,193
2023-11-23 16:00:00,168,190
2023-11-23 16:15:00,172,194
2023-11-23 16:30:00,192,198
2023-11-23 16:45:00,200,192
2023-11-23 17:00:00,200,192
2023-11-23 17:15:00,185,196
2023-11-23 17:30:00,200,193
2023-11-23 17:45:00,183,184
2023-11-23 18:00:00,170,183
2023-11-23 18:15:00,196,191
2023-11-23 18:30:00,176,178
2023-11-23 18:45:00,163,186
2023-11-23 19:00:00,176,172
2023-11-23 19:15:00,140,160
2023-11-23 19:30:00,185,155
2023-11-23 19:45:00,157,165
2023-11-23 20:00:00,133,160
2023-11-23 20:15:00,192,156
2023-11-23 20:30:00,164,149
2023-11-23 20:45:00,119,142
2023-11-23 21:00:00,125,140
2023-11-23 21:15:00,103,120
2023-11-23 21:30:00,171,131
2023-11-23 21:45:00,133,111
2023-11-23 22:00:00,146,116
2023-11-23 22:15:00,87,111
2023-11-23 22:30:00,151,96
2023-11-23 22:45:00,117,101
2023-11-23 23:00:00,139,96
2023-11-23 23:15:00,71,80
2023-11-23 23:30:00,102,78
2023-11-23 23:45:00,106,60
2023-11-24 00:00:00,115,59
2023-11-24 00:15:00,50,59
2023-11-24 00:30:00,105,56
2023-11-24 00:45:00,50,55
2023-11-24 01:00:00,94,39
2023-11-24 01:15:00,50,41
2023-11-24 01:30:00,64,40
2023-11-24 01:45:00,74,35
2023-11-24 02:00:00,93,23
2023-11-24 02:15:00,76,32
2023-11-24 02:30:00,51,27
2023-11-24 02:45:00,50,29
2023-11-24 03:00:00,50,20
2023-11-24 03:15:00,64,29
2023-11-24 03:30:00,50,22
2023-11-24 03:45:00,75,20
2023-11-24 04:00:00,50,20
2023-11-24 04:15:00,50,23
2023-11-24 04:30:00,63,20
2023-11-24 04:45:00,55,20
2023-11-24 05:00:00,50,22
2023-11-24 05:15:00,76,21
2023-11-24 05:30:00,85,22
2023-11-24 05:45:00,72,24
2023-11-24 06:00:00,50,31
2023-11-24 06:15:00,77,26
2023-11-24 06:30:00,50,34
2023-11-24 06:45:00,70,48
2023-11-24 07:00:00,94,49
2023-11-24 07:15:00,56,55
2023-11-24 07:30:00,63,56
2023-11-24 07:45:00,80,52
2023-11-24 08:00:00,64,67
2023-11-24 08:15:00,100,65
2023-11-24 08:30:00,114,74
2023-11-24 08:45:00,69,84
2023-11-24 09:00:00,101,82
2023-11-24 09:15:00,82,96
2023-11-24 09:30:00,149,93
2023-11-24 09:45:00,144,103
2023-11-24 10:00:00,152,101
2023-11-24 10:15:00,133,115
2023-11-24 10:30:00,152,114
2023-11-24 10:45:00,133,136
2023-11-24 11:00:00,121,134
2023-11-24 11:15:00,112,147
2023-11-24 11:30:00,123,142
2023-11-24 11:45:00,187,145
2023-11-24 12:00:00,196,153
2023-11-24 12:15:00,175,150
2023-11-24 12:30:00,178,173
2023-11-24 12:45:00,200,173
2023-11-24 13:00:00,175,168
2023-11-24 13:15:00,191,176
2023-11-24 13:30:00,161,179
2023-11-24 13:45:00,150,190
2023-11-24 14:00:00,200,188
2023-11-24 14:15:00,169,190
2023-11-24 14:30:00,156,197
2023-11-24 14:45:00,200,186
2023-11-24 15:00:00,200,200
2023-11-24 15:15:00,171,200
2023-11-24 15:30:00,200,194
2023-11-24 15:45:00,200,200
2023-11-24 16:00:00,168,191
2023-11-24 16:15:00,167,195
2023-11-24 16:30:00,197,196
2023-11-24 16:45:00,177,190
2023-11-24 17:00:00,200,190
2023-11-24 17:15:00,200,194
2023-11-24 17:30:00,200,187
2023-11-24 17:45:00,200,188
2023-11-24 18:00:00,156,191
2023-11-24 18:15:00,184,189
2023-11-24 18:30:00,186,185
2023-11-24 18:45:00,200,185
2023-11-24 19:00:00,179,177
2023-11-24 19:15:00,150,178
2023-11-24 19:30:00,170,164
2023-11-24 19:45:00,186,161
2023-11-24 20:00:00,152,159
2023-11-24 20:15:00,163,153
2023-11-24 20:30:00,167,146
2023-11-24 20:45:00,180,146
2023-11-24 21:00:00,130,134
2023-11-24 21:15:00,101,129
2023-11-24 21:30:00,123,126
2023-11-24 21:45:00,160,119
2023-11-24 22:00:00,107,104
2023-11-24 22:15:00,84,94
2023-11-24 22:30:00,144,100
2023-11-24 22:45:00,89,97
2023-11-24 23:00:00,143,78
2023-11-24 23:15:00,60,87
2023-11-24 23:30:00,90,78
2023-11-24 23:45:00,111,65
2023-11-25 00:00:00,126,57
2023-11-25 00:15:00,123,50
2023-11-25 00:30:00,105,51
2023-11-25 00:45:00,61,45
2023-11-25 01:00:00,61,54
2023-11-25 01:15:00,50,33
2023-11-25 01:30:00,67,38
2023-11-25 01:45:00,51,41
2023-11-25 02:00:00,77,37
2023-11-25 02:15:00,50,30
2023-11-25 02:30:00,51,25
2023-11-25 02:45:00,50,22
2023-11-25 03:00:00,50,32
2023-11-25 03:15:00,50,27
2023-11-25 03:30:00,50,26
2023-11-25 03:45:00,81,23
2023-11-25 04:00:00,50,20
2023-11-25 04:15:00,72,26
2023-11-25 04:30:00,65,30
2023-11-25 04:45:00,52,26
2023-11-25 05:00:00,70,20
2023-11-25 05:15:00,78,20
2023-11-25 05:30:00,89,34
2023-11-25 05:45:00,81,34
2023-11-25 06:00:00,69,35
2023-11-25 06:15:00,83,27
2023-11-25 06:30:00,98,34
2023-11-25 06:45:00,50,37
2023-11-25 07:00:00,105,47
2023-11-25 07:15:00,87,57
2023-11-25 07:30:00,73,60
2023-11-25 07:45:00,63,66
2023-11-25 08:00:00,86,67
2023-11-25 08:15:00,53,78
2023-11-25 08:30:00,59,85
2023-11-25 08:45:00,115,82
2023-11-25 09:00:00,114,79
2023-11-25 09:15:00,80,83
2023-11-25 09:30:00,110,92
2023-11-25 09:45:00,157,96
2023-11-25 10:00:00,124,102
2023-11-25 10:15:00,155,119
2023-11-25 10:30:00,143,131
2023-11-25 10:45:00,101,124
2023-11-25 11:00:00,173,124
2023-11-25 11:15:00,129,143
2023-11-25 11:30:00,126,150
2023-11-25 11:45:00,138,159
2023-11-25 12:00:00,158,152
2023-11-25 12:15:00,165,165
2023-11-25 12:30:00,136,154
2023-11-25 12:45:00,193,169
2023-11-25 13:00:00,144,171
2023-11-25 13:15:00,197,170
2023-11-25 13:30:00,151,180
2023-11-25 13:45:00,158,185
2023-11-25 14:00:00,156,178
2023-11-25 14:15:00,164,186
2023-11-25 14:30:00,180,192
2023-11-25 14:45:00,200,197
2023-11-25 15:00:00,200,200
2023-11-25 15:15:00,200,200
2023-11-25 15:30:00,170,200
2023-11-25 15:45:00,160,200
2023-11-25 16:00:00,167,200
2023-11-25 16:15:00,192,200
2023-11-25 16:30:00,173,193
2023-11-25 16:45:00,200,200
2023-11-25 17:00:00,200,200
2023-11-25 17:15:00,198,198
2023-11-25 17:30:00,197,198
2023-11-25 17:45:00,200,186
2023-11-25 18:00:00,191,192
2023-11-25 18:15:00,159,182
2023-11-25 18:30:00,197,180
2023-11-25 18:45:00,167,174
2023-11-25 19:00:00,169,177
2023-11-25 19:15:00,157,159
2023-11-25 19:30:00,184,174
2023-11-25 19:45:00,187,163
2023-11-25 20:00:00,130,151
2023-11-25 20:15:00,150,153
2023-11-25 20:30:00,192,136
2023-11-25 20:45:00,110,132
2023-11-25 21:00:00,137,126
2023-11-25 21:15:00,121,130
2023-11-25 21:30:00,145,124
2023-11-25 21:45:00,133,122
2023-11-25 22:00:00,104,116
2023-11-25 22:15:00,98,97
2023-11-25 22:30:00,129,90
2023-11-25 22:45:00,126,83
2023-11-25 23:00:00,70,79
2023-11-25 23:15:00,71,83
2023-11-25 23:30:00,101,80
2023-11-25 23:45:00,78,74
2023-11-26 00:00:00,58,69
2023-11-26 00:15:00,99,58
2023-11-26 00:30:00,107,56
2023-11-26 00:45:00,83,46
2023-11-26 01:00:00,59,42
2023-11-26 01:15:00,50,33
2023-11-26 01:30:00,58,28
2023-11-26 01:45:00,50,38
2023-11-26 02:00:00,91,25
2023-11-26 02:15:00,60,28
2023-11-26 02:30:00,74,29
2023-11-26 02:45:00,90,20
2023-11-26 03:00:00,50,31
2023-11-26 03:15:00,50,22
2023-11-26 03:30:00,50,20
2023-11-26 03:45:00,68,25
2023-11-26 04:00:00,50,27
2023-11-26 04:15:00,50,27
2023-11-26 04:30:00,51,20
2023-11-26 04:45:00,50,30
2023-11-26 05:00:00,86,31
2023-11-26 05:15:00,50,21
2023-11-26 05:30:00,58,22
2023-11-26 05:45:00,50,28
2023-11-26 06:00:00,50,22
2023-11-26 06:15:00,82,41
2023-11-26 06:30:00,50,28
2023-11-26 06:45:00,50,32
2023-11-26 07:00:00,107,39
2023-11-26 07:15:00,98,50
2023-11-26 07:30:00,69,59
2023-11-26 07:45:00,59,51
2023-11-26 08:00:00,80,57
2023-11-26 08:15:00,75,75
2023-11-26 08:30:00,58,74
2023-11-26 08:45:00,79,85
2023-11-26 09:00:00,101,80
2023-11-26 09:15:00,134,86
2023-11-26 09:30:00,85,102
2023-11-26 09:45:00,112,108
2023-11-26 10:00:00,117,109
2023-11-26 10:15:00,111,115
2023-11-26 10:30:00,102,114
2023-11-26 10:45:00,159,118
2023-11-26 11:00:00,122,136
2023-11-26 11:15:00,186,148
2023-11-26 11:30:00,190,139
2023-11-26 11:45:00,142,158
2023-11-26 12:00:00,187,162
2023-11-26 12:15:00,191,152
2023-11-26 12:30:00,195,156
2023-11-26 12:45:00,200,171
2023-11-26 13:00:00,146,183
2023-11-26 13:15:00,182,170
2023-11-26 13:30:00,200,173
2023-11-26 13:45:00,194,194
2023-11-26 14:00:00,200,193
2023-11-26 14:15:00,200,191
2023-11-26 14:30:00,165,189
2023-11-26 14:45:00,166,200
2023-11-26 15:00:00,162,194
2023-11-26 15:15:00,200,200
2023-11-26 15:30:00,169,194
2023-11-26 15:45:00,161,200
2023-11-26 16:00:00,192,200
2023-11-26 16:15:00,200,190
2023-11-26 16:30:00,167,200
2023-11-26 16:45:00,200,200
2023-11-26 17:00:00,200,200
2023-11-26 17:15:00,200,200
2023-11-26 17:30:00,200,194
2023-11-26 17:45:00,178,193
2023-11-26 18:00:00,187,191
2023-11-26 18:15:00,173,189
2023-11-26 18:30:00,200,184
2023-11-26 18:45:00,177,174
2023-11-26 19:00:00,189,175
2023-11-26 19:15:00,151,176
2023-11-26 19:30:00,131,172
2023-11-26 19:45:00,182,152
2023-11-26 20:00:00,143,146
2023-11-26 20:15:00,148,159
2023-11-26 20:30:00,144,145
2023-11-26 20:45:00,147,138
2023-11-26 21:00:00,116,139
2023-11-26 21:15:00,113,120
2023-11-26 21:30:00,164,114
2023-11-26 21:45:00,145,121
2023-11-26 22:00:00,112,112
2023-11-26 22:15:00,159,107
2023-11-26 22:30:00,107,93
2023-11-26 22:45:00,149,88
2023-11-26 23:00:00,69,87
2023-11-26 23:15:00,122,88
2023-11-26 23:30:00,87,76
2023-11-26 23:45:00,52,61
2023-11-27 00:00:00,100,55
2023-11-27 00:15:00,91,65
2023-11-27 00:30:00,65,55
2023-11-27 00:45:00,50,57
2023-11-27 01:00:00,72,47
2023-11-27 01:15:00,82,50
2023-11-27 01:30:00,89,35
2023-11-27 01:45:00,82,39
2023-11-27 02:00:00,50,22
2023-11-27 02:15:00,69,20
2023-11-27 02:30:00,50,25
2023-11-27 02:45:00,50,29
2023-11-27 03:00:00,84,20
2023-11-27 03:15:00,50,28
2023-11-27 03:30:00,71,28
2023-11-27 03:45:00,71,28
2023-11-27 04:00:00,73,20
2023-11-27 04:15:00,50,20
2023-11-27 04:30:00,50,20
2023-11-27 04:45:00,91,25
2023-11-27 05:00:00,55,31
2023-11-27 05:15:00,61,29
2023-11-27 05:30:00,50,20
2023-11-27 05:45:00,68,27
2023-11-27 06:00:00,50,36
2023-11-27 06:15:00,50,32
2023-11-27 06:30:00,94,47
2023-11-27 06:45:00,79,32
2023-11-27 07:00:00,75,49
2023-11-27 07:15:00,80,42
2023-11-27 07:30:00,61,60
2023-11-27 07:45:00,110,67
2023-11-27 08:00:00,79,58
2023-11-27 08:15:00,129,64
2023-11-27 08:30:00,133,84
2023-11-27 08:45:00,76,88
2023-11-27 09:00:00,101,85
2023-11-27 09:15:00,92,97
2023-11-27 09:30:00,81,91
2023-11-27 09:45:00,145,99
2023-11-27 10:00:00,109,111
2023-11-27 10:15:00,96,116
2023-11-27 10:30:00,122,117
2023-11-27 10:45:00,142,123
2023-11-27 11:00:00,156,127
2023-11-27 11:15:00,166,134
2023-11-27 11:30:00,157,135
2023-11-27 11:45:00,195,143
2023-11-27 12:00:00,177,159
2023-11-27 12:15:00,142,156
2023-11-27 12:30:00,200,156
2023-11-27 12:45:00,172,169
2023-11-27 13:00:00,172,164
2023-11-27 13:15:00,178,177
2023-11-27 13:30:00,160,183
2023-11-27 13:45:00,159,182
2023-11-27 14:00:00,187,190
2023-11-27 14:15:00,173,198
2023-11-27 14:30:00,200,200
2023-11-27 14:45:00,170,191
2023-11-27 15:00:00,200,199
2023-11-27 15:15:00,200,195
2023-11-27 15:30:00,200,200
2023-11-27 15:45:00,200,197
2023-11-27 16:00:00,198,200
2023-11-27 16:15:00,168,200
2023-11-27 16:30:00,200,200
2023-11-27 16:45:00,187,200
2023-11-27 17:00:00,158,194
2023-11-27 17:15:00,177,189
2023-11-27 17:30:00,200,200
2023-11-27 17:45:00,166,200
2023-11-27 18:00:00,177,179
2023-11-27 18:15:00,194,188
2023-11-27 18:30:00,200,190
2023-11-27 18:45:00,169,183
2023-11-27 19:00:00,143,172
2023-11-27 19:15:00,137,175
2023-11-27 19:30:00,197,170
2023-11-27 19:45:00,146,158
2023-11-27 20:00:00,129,160
2023-11-27 20:15:00,151,140
2023-11-27 20:30:00,146,138
2023-11-27 20:45:00,176,148
2023-11-27 21:00:00,155,141
2023-11-27 21:15:00,156,137
2023-11-27 21:30:00,151,122
2023-11-27 21:45:00,100,114
2023-11-27 22:00:00,85,104
2023-11-27 22:15:00,108,104
2023-11-27 22:30:00,99,98
2023-11-27 22:45:00,109,91
2023-11-27 23:00:00,133,79
2023-11-27 23:15:00,60,76
2023-11-27 23:30:00,94,70
2023-11-27 23:45:00,64,79
2023-11-28 00:00:00,103,68
2023-11-28 00:15:00,68,63
2023-11-28 00:30:00,83,55
2023-11-28 00:45:00,67,45
2023-11-28 01:00:00,99,48
2023-11-28 01:15:00,92,32
2023-11-28 01:30:00,50,38
2023-11-28 01:45:00,83,43
2023-11-28 02:00:00,50,24
2023-11-28 02:15:00,50,39
2023-11-28 02:30:00,75,25
2023-11-28 02:45:00,50,33
2023-11-28 03:00:00,50,32
2023-11-28 03:15:00,73,20
2023-11-28 03:30:00,64,22
2023-11-28 03:45:00,50,25
2023-11-28 04:00:00,55,24
2023-11-28 04:15:00,67,23
2023-11-28 04:30:00,59,20
2023-11-28 04:45:00,50,20
2023-11-28 05:00:00,50,21
2023-11-28 05:15:00,50,22
2023-11-28 05:30:00,50,36
2023-11-28 05:45:00,50,26
2023-11-28 06:00:00,54,31
2023-11-28 06:15:00,71,26
2023-11-28 06:30:00,78,47
2023-11-28 06:45:00,50,33
2023-11-28 07:00:00,91,55
2023-11-28 07:15:00,50,48
2023-11-28 07:30:00,99,60
2023-11-28 07:45:00,51,57
2023-11-28 08:00:00,69,62
2023-11-28 08:15:00,89,65
2023-11-28 08:30:00,107,73
2023-11-28 08:45:00,113,77
2023-11-28 09:00:00,129,79
2023-11-28 09:15:00,82,93
2023-11-28 09:30:00,149,101
2023-11-28 09:45:00,111,106
2023-11-28 10:00:00,139,117
2023-11-28 10:15:00,137,117
2023-11-28 10:30:00,106,131
2023-11-28 10:45:00,173,117
2023-11-28 11:00:00,182,123
2023-11-28 11:15:00,124,148
2023-11-28 11:30:00,135,134
2023-11-28 11:45:00,180,154
2023-11-28 12:00:00,166,160
2023-11-28 12:15:00,149,156
2023-11-28 12:30:00,162,162
2023-11-28 12:45:00,200,165
2023-11-28 13:00:00,165,177
2023-11-28 13:15:00,200,177
2023-11-28 13:30:00,181,179
2023-11-28 13:45:00,200,189
2023-11-28 14:00:00,160,195
2023-11-28 14:15:00,200,182
2023-11-28 14:30:00,200,199
2023-11-28 14:45:00,183,200
2023-11-28 15:00:00,181,194
2023-11-28 15:15:00,200,190
2023-11-28 15:30:00,200,198
2023-11-28 15:45:00,200,200
2023-11-28 16:00:00,200,196
2023-11-28 16:15:00,191,200
2023-11-28 16:30:00,200,194
2023-11-28 16:45:00,188,195
2023-11-28 17:00:00,200,200
2023-11-28 17:15:00,165,191
2023-11-28 17:30:00,178,192
2023-11-28 17:45:00,194,195
2023-11-28 18:00:00,200,190
2023-11-28 18:15:00,200,180
2023-11-28 18:30:00,175,175
2023-11-28 18:45:00,184,182
2023-11-28 19:00:00,167,180
2023-11-28 19:15:00,144,172
2023-11-28 19:30:00,159,156
2023-11-28 19:45:00,190,150
2023-11-28 20:00:00,131,157
2023-11-28 20:15:00,140,154
2023-11-28 20:30:00,152,153
2023-11-28 20:45:00,138,134
2023-11-28 21:00:00,110,130
2023-11-28 21:15:00,160,122
2023-11-28 21:30:00,166,118
2023-11-28 21:45:00,145,117
2023-11-28 22:00:00,139,115
2023-11-28 22:15:00,96,103
2023-11-28 22:30:00,111,106
2023-11-28 22:45:00,134,91
2023-11-28 23:00:00,129,87
2023-11-28 23:15:00,63,77
2023-11-28 23:30:00,128,67
2023-11-28 23:45:00,95,61
2023-11-29 00:00:00,53,57
2023-11-29 00:15:00,68,50
2023-11-29 00:30:00,109,50
2023-11-29 00:45:00,57,52
2023-11-29 01:00:00,79,51
2023-11-29 01:15:00,50,43
2023-11-29 01:30:00,72,30
2023-11-29 01:45:00,50,32
2023-11-29 02:00:00,97,28
2023-11-29 02:15:00,50,25
2023-11-29 02:30:00,56,22
2023-11-29 02:45:00,55,21
2023-11-29 03:00:00,50,31
2023-11-29 03:15:00,73,25
2023-11-29 03:30:00,50,20
2023-11-29 03:45:00,50,22
2023-11-29 04:00:00,50,22
2023-11-29 04:15:00,50,20
2023-11-29 04:30:00,50,29
2023-11-29 04:45:00,66,20
2023-11-29 05:00:00,78,32
2023-11-29 05:15:00,71,24
2023-11-29 05:30:00,55,20
2023-11-29 05:45:00,50,33
2023-11-29 06:00:00,50,40
2023-11-29 06:15:00,73,33
2023-11-29 06:30:00,50,37
2023-11-29 06:45:00,97,49
2023-11-29 07:00:00,76,37
2023-11-29 07:15:00,53,57
2023-11-29 07:30:00,50,46
2023-11-29 07:45:00,58,66
2023-11-29 08:00:00,96,72
2023-11-29 08:15:00,98,77
2023-11-29 08:30:00,117,68
2023-11-29 08:45:00,68,74
2023-11-29 09:00:00,111,88
2023-11-29 09:15:00,125,98
2023-11-29 09:30:00,128,96
2023-11-29 09:45:00,114,110
2023-11-29 10:00:00,106,118
2023-11-29 10:15:00,142,123
2023-11-29 10:30:00,145,117
2023-11-29 10:45:00,139,135
2023-11-29 11:00:00,127,135
2023-11-29 11:15:00,163,148
2023-11-29 11:30:00,182,144
2023-11-29 11:45:00,164,143
2023-11-29 12:00:00,160,145
2023-11-29 12:15:00,141,152
2023-11-29 12:30:00,175,170
2023-11-29 12:45:00,200,165
2023-11-29 13:00:00,144,173
2023-11-29 13:15:00,200,182
2023-11-29 13:30:00,180,174
2023-11-29 13:45:00,195,178
2023-11-29 14:00:00,200,186
2023-11-29 14:15:00,167,190
2023-11-29 14:30:00,187,199
2023-11-29 14:45:00,190,190
2023-11-29 15:00:00,195,200
2023-11-29 15:15:00,170,200
2023-11-29 15:30:00,200,200
2023-11-29 15:45:00,200,200
2023-11-29 16:00:00,200,200
2023-11-29 16:15:00,200,191
2023-11-29 16:30:00,200,197
2023-11-29 16:45:00,200,189
2023-11-29 17:00:00,200,188
2023-11-29 17:15:00,200,185
2023-11-29 17:30:00,176,198
2023-11-29 17:45:00,178,190
2023-11-29 18:00:00,177,196
2023-11-29 18:15:00,177,183
2023-11-29 18:30:00,189,171
2023-11-29 18:45:00,199,172
2023-11-29 19:00:00,173,180
2023-11-29 19:15:00,157,169
2023-11-29 19:30:00,145,161
2023-11-29 19:45:00,179,150
2023-11-29 20:00:00,136,147
2023-11-29 20:15:00,147,146
2023-11-29 20:30:00,126,139
2023-11-29 20:45:00,183,133
2023-11-29 21:00:00,127,126
2023-11-29 21:15:00,160,118
2023-11-29 21:30:00,147,130
2023-11-29 21:45:00,113,121
2023-11-29 22:00:00,87,102
2023-11-29 22:15:00,121,95
2023-11-29 22:30:00,95,91
2023-11-29 22:45:00,131,101
2023-11-29 23:00:00,92,93
2023-11-29 23:15:00,104,88
2023-11-29 23:30:00,88,74
2023-11-29 23:45:00,92,67
2023-11-30 00:00:00,103,70
2023-11-30 00:15:00,88,55
2023-11-30 00:30:00,91,61
2023-11-30 00:45:00,50,43
2023-11-30 01:00:00,50,37
2023-11-30 01:15:00,61,41
2023-11-30 01:30:00,75,33
2023-11-30 01:45:00,50,39
2023-11-30 02:00:00,50,31
2023-11-30 02:15:00,67,32
2023-11-30 02:30:00,82,21
2023-11-30 02:45:00,50,29
2023-11-30 03:00:00,60,24
2023-11-30 03:15:00,64,24
2023-11-30 03:30:00,50,20
2023-11-30 03:45:00,50,28
2023-11-30 04:00:00,78,20
2023-11-30 04:15:00,50,27
2023-11-30 04:30:00,77,21
2023-11-30 04:45:00,50,27
2023-11-30 05:00:00,50,29
2023-11-30 05:15:00,50,21
2023-11-30 05:30:00,50,20
2023-11-30 05:45:00,53,25
2023-11-30 06:00:00,72,23
2023-11-30 06:15:00,90,28
2023-11-30 06:30:00,97,41
2023-11-30 06:45:00,103,40
2023-11-30 07:00:00,83,40
2023-11-30 07:15:00,50,57
2023-11-30 07:30:00,75,55
2023-11-30 07:45:00,111,53
2023-11-30 08:00:00,86,64
2023-11-30 08:15:00,87,61
2023-11-30 08:30:00,109,68
2023-11-30 08:45:00,126,77
2023-11-30 09:00:00,130,83
2023-11-30 09:15:00,102,95
2023-11-30 09:30:00,153,99
2023-11-30 09:45:00,96,109
2023-11-30 10:00:00,148,100
2023-11-30 10:15:00,149,108
2023-11-30 10:30:00,143,127
2023-11-30 10:45:00,122,119
2023-11-30 11:00:00,165,138
2023-11-30 11:15:00,127,144
2023-11-30 11:30:00,146,142
2023-11-30 11:45:00,175,144
2023-11-30 12:00:00,127,156
2023-11-30 12:15:00,150,156
2023-11-30 12:30:00,200,171
2023-11-30 12:45:00,170,167
2023-11-30 13:00:00,197,173
2023-11-30 13:15:00,200,168
2023-11-30 13:30:00,146,188
2023-11-30 13:45:00,161,180
2023-11-30 14:00:00,200,195
2023-11-30 14:15:00,200,194
2023-11-30 14:30:00,200,184
2023-11-30 14:45:00,200,196
2023-11-30 15:00:00,180,193
2023-11-30 15:15:00,172,194
2023-11-30 15:30:00,174,200
2023-11-30 15:45:00,171,191
2023-11-30 16:00:00,200,200
2023-11-30 16:15:00,186,200
2023-11-30 16:30:00,177,200
2023-11-30 16:45:00,200,196
2023-11-30 17:00:00,200,189
2023-11-30 17:15:00,176,197
2023-11-30 17:30:00,173,185
2023-11-30 17:45:00,200,200
2023-11-30 18:00:00,196,189
2023-11-30 18:15:00,200,192
2023-11-30 18:30:00,169,178
2023-11-30 18:45:00,200,169
2023-11-30 19:00:00,188,180
2023-11-30 19:15:00,187,164
2023-11-30 19:30:00,176,166
2023-11-30 19:45:00,157,161
2023-11-30 20:00:00,129,154
2023-11-30 20:15:00,182,152
2023-11-30 20:30:00,164,152
2023-11-30 20:45:00,152,139
2023-11-30 21:00:00,178,126
2023-11-30 21:15:00,143,133
2023-11-30 21:30:00,153,118
2023-11-30 21:45:00,156,114
2023-11-30 22:00:00,86,112
2023-11-30 22:15:00,95,110
2023-11-30 22:30:00,144,98
2023-11-30 22:45:00,143,99
2023-11-30 23:00:00,127,78
2023-11-30 23:15:00,125,81
2023-11-30 23:30:00,109,69
2023-11-30 23:45:00,124,70
2023-12-01 00:00:00,114,64
2023-12-01 00:15:00,93,69
2023-12-01 00:30:00,98,54
2023-12-01 00:45:00,112,53
2023-12-01 01:00:00,82,54
2023-12-01 01:15:00,69,38
2023-12-01 01:30:00,79,30
2023-12-01 01:45:00,50,32
2023-12-01 02:00:00,50,26
2023-12-01 02:15:00,50,38
2023-12-01 02:30:00,50,34
2023-12-01 02:45:00,82,20
2023-12-01 03:00:00,92,26
2023-12-01 03:15:00,50,29
2023-12-01 03:30:00,69,21
2023-12-01 03:45:00,74,20
2023-12-01 04:00:00,87,20
2023-12-01 04:15:00,54,20
2023-12-01 04:30:00,61,24
2023-12-01 04:45:00,50,23
2023-12-01 05:00:00,72,25
2023-12-01 05:15:00,69,20
2023-12-01 05:30:00,62,21
2023-12-01 05:45:00,50,33
2023-12-01 06:00:00,86,32
2023-12-01 06:15:00,50,30
2023-12-01 06:30:00,100,30
2023-12-01 06:45:00,106,38
2023-12-01 07:00:00,111,55
2023-12-01 07:15:00,93,51
2023-12-01 07:30:00,61,49
2023-12-01 07:45:00,90,56
2023-12-01 08:00:00,88,63
2023-12-01 08:15:00,53,78
2023-12-01 08:30:00,77,77
2023-12-01 08:45:00,62,89
2023-12-01 09:00:00,137,80
2023-12-01 09:15:00,143,83
2023-12-01 09:30:00,92,101
2023-12-01 09:45:00,130,105
2023-12-01 10:00:00,135,106
2023-12-01 10:15:00,125,111
2023-12-01 10:30:00,161,124
2023-12-01 10:45:00,176,121
2023-12-01 11:00:00,131,141
2023-12-01 11:15:00,178,138
2023-12-01 11:30:00,122,151
2023-12-01 11:45:00,120,148
2023-12-01 12:00:00,131,163
2023-12-01 12:15:00,130,150
2023-12-01 12:30:00,194,162
2023-12-01 12:45:00,186,165
2023-12-01 13:00:00,161,166
2023-12-01 13:15:00,195,173
2023-12-01 13:30:00,169,188
2023-12-01 13:45:00,200,193
2023-12-01 14:00:00,159,194
2023-12-01 14:15:00,200,191
2023-12-01 14:30:00,180,200
2023-12-01 14:45:00,156,185
2023-12-01 15:00:00,200,200
2023-12-01 15:15:00,165,190
2023-12-01 15:30:00,200,192
2023-12-01 15:45:00,200,191
2023-12-01 16:00:00,200,200
2023-12-01 16:15:00,163,195
2023-12-01 16:30:00,200,199
2023-12-01 16:45:00,189,195
2023-12-01 17:00:00,200,193
2023-12-01 17:15:00,199,192
2023-12-01 17:30:00,167,198
2023-12-01 17:45:00,153,192
2023-12-01 18:00:00,200,197
2023-12-01 18:15:00,199,188
2023-12-01 18:30:00,179,186
2023-12-01 18:45:00,199,172
2023-12-01 19:00:00,189,183
2023-12-01 19:15:00,165,173
2023-12-01 19:30:00,162,162
2023-12-01 19:45:00,168,158
2023-12-01 20:00:00,173,149
2023-12-01 20:15:00,147,159
2023-12-01 20:30:00,173,140
2023-12-01 20:45:00,123,141
2023-12-01 21:00:00,116,127
2023-12-01 21:15:00,124,125
2023-12-01 21:30:00,129,116
2023-12-01 21:45:00,135,111
2023-12-01 22:00:00,130,118
2023-12-01 22:15:00,105,99
2023-12-01 22:30:00,132,101
2023-12-01 22:45:00,107,89
2023-12-01 23:00:00,99,85
2023-12-01 23:15:00,71,75
2023-12-01 23:30:00,103,85
2023-12-01 23:45:00,57,61
2023-12-02 00:00:00,110,73
2023-12-02 00:15:00,108,51
2023-12-02 00:30:00,78,61
2023-12-02 00:45:00,50,60
2023-12-02 01:00:00,50,51
2023-12-02 01:15:00,50,48
2023-12-02 01:30:00,53,34
2023-12-02 01:45:00,59,30
2023-12-02 02:00:00,85,27
2023-12-02 02:15:00,66,27
2023-12-02 02:30:00,50,32
2023-12-02 02:45:00,57,20
2023-12-02 03:00:00,83,24
2023-12-02 03:15:00,71,22
2023-12-02 03:30:00,50,20
2023-12-02 03:45:00,61,27
2023-12-02 04:00:00,65,29
2023-12-02 04:15:00,52,24
2023-12-02 04:30:00,50,26
2023-12-02 04:45:00,50,20
2023-12-02 05:00:00,50,20
2023-12-02 05:15:00,50,20
2023-12-02 05:30:00,50,34
2023-12-02 05:45:00,50,24
2023-12-02 06:00:00,78,33
2023-12-02 06:15:00,80,37
2023-12-02 06:30:00,50,29
2023-12-02 06:45:00,108,45
2023-12-02 07:00:00,71,42
2023-12-02 07:15:00,110,53
2023-12-02 07:30:00,95,48
2023-12-02 07:45:00,116,59
2023-12-02 08:00:00,122,62
2023-12-02 08:15:00,119,67
2023-12-02 08:30:00,127,80
2023-12-02 08:45:00,140,71
2023-12-02 09:00:00,102,87
2023-12-02 09:15:00,93,95
2023-12-02 09:30:00,138,90
2023-12-02 09:45:00,130,95
2023-12-02 10:00:00,119,104
2023-12-02 10:15:00,167,120
2023-12-02 10:30:00,105,121
2023-12-02 10:45:00,168,131
2023-12-02 11:00:00,165,131
2023-12-02 11:15:00,132,135
2023-12-02 11:30:00,171,153
2023-12-02 11:45:00,127,149
2023-12-02 12:00:00,150,156
2023-12-02 12:15:00,157,156
2023-12-02 12:30:00,200,168
2023-12-02 12:45:00,161,177
2023-12-02 13:00:00,173,175
2023-12-02 13:15:00,148,183
2023-12-02 13:30:00,182,177
2023-12-02 13:45:00,200,185
2023-12-02 14:00:00,160,184
2023-12-02 14:15:00,168,194
2023-12-02 14:30:00,200,194
2023-12-02 14:45:00,200,197
2023-12-02 15:00:00,200,190
2023-12-02 15:15:00,184,200
2023-12-02 15:30:00,161,200
2023-12-02 15:45:00,164,198
2023-12-02 16:00:00,194,200
2023-12-02 16:15:00,200,196
2023-12-02 16:30:00,198,190
2023-12-02 16:45:00,160,200
2023-12-02 17:00:00,200,187
2023-12-02 17:15:00,189,190
2023-12-02 17:30:00,200,184
2023-12-02 17:45:00,191,186
2023-12-02 18:00:00,200,189
2023-12-02 18:15:00,180,183
2023-12-02 18:30:00,173,172
2023-12-02 18:45:00,200,173
2023-12-02 19:00:00,189,173
2023-12-02 19:15:00,194,161
2023-12-02 19:30:00,200,169
2023-12-02 19:45:00,186,156
2023-12-02 20:00:00,175,151
2023-12-02 20:15:00,120,151
2023-12-02 20:30:00,162,134
2023-12-02 20:45:00,138,138
2023-12-02 21:00:00,145,139
2023-12-02 21:15:00,170,125
2023-12-02 21:30:00,120,112
2023-12-02 21:45:00,156,108
2023-12-02 22:00:00,102,110
2023-12-02 22:15:00,85,112
2023-12-02 22:30:00,122,90
2023-12-02 22:45:00,102,86
2023-12-02 23:00:00,72,80
2023-12-02 23:15:00,140,84
2023-12-02 23:30:00,67,65
2023-12-02 23:45:00,62,79
2023-12-03 00:00:00,74,63
2023-12-03 00:15:00,111,55
2023-12-03 00:30:00,63,63
2023-12-03 00:45:00,59,54
2023-12-03 01:00:00,95,40
2023-12-03 01:15:00,99,34
2023-12-03 01:30:00,104,38
2023-12-03 01:45:00,50,43
2023-12-03 02:00:00,59,39
2023-12-03 02:15:00,50,23
2023-12-03 02:30:00,85,28
2023-12-03 02:45:00,50,29
2023-12-03 03:00:00,59,25
2023-12-03 03:15:00,79,20
2023-12-03 03:30:00,73,25
2023-12-03 03:45:00,77,20
2023-12-03 04:00:00,50,25
2023-12-03 04:15:00,50,20
2023-12-03 04:30:00,67,24
2023-12-03 04:45:00,50,27
2023-12-03 05:00:00,79,30
2023-12-03 05:15:00,50,29
2023-12-03 05:30:00,60,26
2023-12-03 05:45:00,50,25
2023-12-03 06:00:00,50,34
2023-12-03 06:15:00,50,44
2023-12-03 06:30:00,59,42
2023-12-03 06:45:00,53,46
2023-12-03 07:00:00,50,49
2023-12-03 07:15:00,50,43
2023-12-03 07:30:00,83,46
2023-12-03 07:45:00,60,57
2023-12-03 08:00:00,52,70
2023-12-03 08:15:00,93,68
2023-12-03 08:30:00,86,69
2023-12-03 08:45:00,112,72
2023-12-03 09:00:00,76,88
2023-12-03 09:15:00,138,89
2023-12-03 09:30:00,118,91
2023-12-03 09:45:00,119,109
2023-12-03 10:00:00,96,100
2023-12-03 10:15:00,137,121
2023-12-03 10:30:00,112,123
2023-12-03 10:45:00,132,122
2023-12-03 11:00:00,142,139
2023-12-03 11:15:00,167,132
2023-12-03 11:30:00,170,143
2023-12-03 11:45:00,141,143
2023-12-03 12:00:00,149,148
2023-12-03 12:15:00,200,169
2023-12-03 12:30:00,200,170
2023-12-03 12:45:00,185,174
2023-12-03 13:00:00,172,171
2023-12-03 13:15:00,200,181
2023-12-03 13:30:00,186,184
2023-12-03 13:45:00,177,180
2023-12-03 14:00:00,200,186
2023-12-03 14:15:00,196,185
2023-12-03 14:30:00,200,200
2023-12-03 14:45:00,180,189
2023-12-03 15:00:00,185,194
2023-12-03 15:15:00,159,190
2023-12-03 15:30:00,200,197
2023-12-03 15:45:00,178,196
2023-12-03 16:00:00,186,200
2023-12-03 16:15:00,200,197
2023-12-03 16:30:00,200,200
2023-12-03 16:45:00,200,200
2023-12-03 17:00:00,200,200
2023-12-03 17:15:00,200,198
2023-12-03 17:30:00,200,195
2023-12-03 17:45:00,200,185
2023-12-03 18:00:00,200,192
2023-12-03 18:15:00,200,191
2023-12-03 18:30:00,200,173
2023-12-03 18:45:00,148,169
2023-12-03 19:00:00,148,165
2023-12-03 19:15:00,199,164
2023-12-03 19:30:00,163,171
2023-12-03 19:45:00,130,169
2023-12-03 20:00:00,191,148
2023-12-03 20:15:00,165,152
2023-12-03 20:30:00,140,142
2023-12-03 20:45:00,172,141
2023-12-03 21:00:00,165,142
2023-12-03 21:15:00,163,136
2023-12-03 21:30:00,133,119
2023-12-03 21:45:00,108,107
2023-12-03 22:00:00,130,118
2023-12-03 22:15:00,137,104
2023-12-03 22:30:00,77,97
2023-12-03 22:45:00,123,101
2023-12-03 23:00:00,144,81
2023-12-03 23:15:00,105,76
2023-12-03 23:30:00,66,85
2023-12-03 23:45:00,70,74
2023-12-04 00:00:00,90,74
2023-12-04 00:15:00,109,56
2023-12-04 00:30:00,118,46
2023-12-04 00:45:00,109,46
2023-12-04 01:00:00,100,53
2023-12-04 01:15:00,95,38
2023-12-04 01:30:00,50,34
2023-12-04 01:45:00,50,29
2023-12-04 02:00:00,50,24
2023-12-04 02:15:00,55,30
2023-12-04 02:30:00,50,24
2023-12-04 02:45:00,83,26
2023-12-04 03:00:00,64,25
2023-12-04 03:15:00,50,20
2023-12-04 03:30:00,50,20
2023-12-04 03:45:00,67,29
2023-12-04 04:00:00,50,20
2023-12-04 04:15:00,75,20
2023-12-04 04:30:00,50,20
2023-12-04 04:45:00,50,26
2023-12-04 05:00:00,64,21
2023-12-04 05:15:00,90,22
2023-12-04 05:30:00,50,20
2023-12-04 05:45:00,56,27
2023-12-04 06:00:00,50,28
2023-12-04 06:15:00,53,31
2023-12-04 06:30:00,50,30
2023-12-04 06:45:00,60,35
2023-12-04 07:00:00,102,49
2023-12-04 07:15:00,86,52
2023-12-04 07:30:00,69,46
2023-12-04 07:45:00,88,55
2023-12-04 08:00:00,59,66
2023-12-04 08:15:00,67,73
2023-12-04 08:30:00,121,76
2023-12-04 08:45:00,80,71
2023-12-04 09:00:00,75,88
2023-12-04 09:15:00,100,100
2023-12-04 09:30:00,121,89
2023-12-04 09:45:00,83,96
2023-12-04 10:00:00,97,111
2023-12-04 10:15:00,134,117
2023-12-04 10:30:00,174,131
2023-12-04 10:45:00,125,129
2023-12-04 11:00:00,153,138
2023-12-04 11:15:00,114,131
2023-12-04 11:30:00,148,152
2023-12-04 11:45:00,140,144
2023-12-04 12:00:00,126,162
2023-12-04 12:15:00,147,167
2023-12-04 12:30:00,200,156
2023-12-04 12:45:00,168,169
2023-12-04 13:00:00,164,166
2023-12-04 13:15:00,181,171
2023-12-04 13:30:00,157,175
2023-12-04 13:45:00,170,187
2023-12-04 14:00:00,198,190
2023-12-04 14:15:00,190,188
2023-12-04 14:30:00,155,200
2023-12-04 14:45:00,174,200
2023-12-04 15:00:00,188,200
2023-12-04 15:15:00,200,200
2023-12-04 15:30:00,200,193
2023-12-04 15:45:00,200,200
2023-12-04 16:00:00,200,200
2023-12-04 16:15:00,185,192
2023-12-04 16:30:00,177,192
2023-12-04 16:45:00,200,192
2023-12-04 17:00:00,200,188
2023-12-04 17:15:00,196,200
2023-12-04 17:30:00,200,186
2023-12-04 17:45:00,173,183
2023-12-04 18:00:00,172,180
2023-12-04 18:15:00,167,184
2023-12-04 18:30:00,152,187
2023-12-04 18:45:00,193,175
2023-12-04 19:00:00,152,165
2023-12-04 19:15:00,194,161
2023-12-04 19:30:00,140,169
2023-12-04 19:45:00,190,150
2023-12-04 20:00:00,152,164
2023-12-04 20:15:00,177,144
2023-12-04 20:30:00,156,136
2023-12-04 20:45:00,182,135
2023-12-04 21:00:00,164,133
2023-12-04 21:15:00,146,119
2023-12-04 21:30:00,143,130
2023-12-04 21:45:00,101,113
2023-12-04 22:00:00,137,116
2023-12-04 22:15:00,85,96
2023-12-04 22:30:00,123,90
2023-12-04 22:45:00,142,91
2023-12-04 23:00:00,80,91
2023-12-04 23:15:00,88,88
2023-12-04 23:30:00,97,75
2023-12-04 23:45:00,118,64
2023-12-05 00:00:00,89,65
2023-12-05 00:15:00,84,64
2023-12-05 00:30:00,115,55
2023-12-05 00:45:00,108,47
2023-12-05 01:00:00,50,50
2023-12-05 01:15:00,64,37
2023-12-05 01:30:00,100,41
2023-12-05 01:45:00,69,41
2023-12-05 02:00:00,71,38
2023-12-05 02:15:00,70,35
2023-12-05 02:30:00,50,36
2023-12-05 02:45:00,54,20
2023-12-05 03:00:00,50,30
2023-12-05 03:15:00,78,20
2023-12-05 03:30:00,83,20
2023-12-05 03:45:00,84,20
2023-12-05 04:00:00,50,20
2023-12-05 04:15:00,50,26
2023-12-05 04:30:00,77,24
2023-12-05 04:45:00,50,20
2023-12-05 05:00:00,50,27
2023-12-05 05:15:00,50,22
2023-12-05 05:30:00,84,24
2023-12-05 05:45:00,60,36
2023-12-05 06:00:00,56,29
2023-12-05 06:15:00,50,37
2023-12-05 06:30:00,66,39
2023-12-05 06:45:00,86,39
2023-12-05 07:00:00,50,55
2023-12-05 07:15:00,50,41
2023-12-05 07:30:00,52,49
2023-12-05 07:45:00,74,64
2023-12-05 08:00:00,74,62
2023-12-05 08:15:00,94,71
2023-12-05 08:30:00,102,78
2023-12-05 08:45:00,129,78
2023-12-05 09:00:00,124,80
2023-12-05 09:15:00,137,89
2023-12-05 09:30:00,97,103
2023-12-05 09:45:00,84,103
2023-12-05 10:00:00,143,101
2023-12-05 10:15:00,110,113
2023-12-05 10:30:00,173,114
2023-12-05 10:45:00,115,125
2023-12-05 11:00:00,163,138
2023-12-05 11:15:00,176,129
2023-12-05 11:30:00,193,135
2023-12-05 11:45:00,165,142
2023-12-05 12:00:00,123,152
2023-12-05 12:15:00,200,165
2023-12-05 12:30:00,156,159
2023-12-05 12:45:00,200,161
2023-12-05 13:00:00,175,173
2023-12-05 13:15:00,153,182
2023-12-05 13:30:00,155,184
2023-12-05 13:45:00,170,179
2023-12-05 14:00:00,153,192
2023-12-05 14:15:00,173,200
2023-12-05 14:30:00,200,191
2023-12-05 14:45:00,187,186
2023-12-05 15:00:00,200,200
2023-12-05 15:15:00,170,200
2023-12-05 15:30:00,185,200
2023-12-05 15:45:00,180,195
2023-12-05 16:00:00,200,200
2023-12-05 16:15:00,200,192
2023-12-05 16:30:00,194,200
2023-12-05 16:45:00,200,200
2023-12-05 17:00:00,200,200
2023-12-05 17:15:00,200,199
2023-12-05 17:30:00,187,188
2023-12-05 17:45:00,200,187
2023-12-05 18:00:00,200,195
2023-12-05 18:15:00,171,175
2023-12-05 18:30:00,180,187
2023-12-05 18:45:00,180,168
2023-12-05 19:00:00,148,182
2023-12-05 19:15:00,190,161
2023-12-05 19:30:00,148,165
2023-12-05 19:45:00,164,168
2023-12-05 20:00:00,149,164
2023-12-05 20:15:00,160,140
2023-12-05 20:30:00,169,139
2023-12-05 20:45:00,187,135
2023-12-05 21:00:00,163,138
2023-12-05 21:15:00,161,127
2023-12-05 21:30:00,126,117
2023-12-05 21:45:00,150,125
2023-12-05 22:00:00,86,111
2023-12-05 22:15:00,83,112
2023-12-05 22:30:00,114,97
2023-12-05 22:45:00,77,86
2023-12-05 23:00:00,83,91
2023-12-05 23:15:00,91,88
2023-12-05 23:30:00,103,84
2023-12-05 23:45:00,119,76
2023-12-06 00:00:00,125,56
2023-12-06 00:15:00,56,59
2023-12-06 00:30:00,74,46
2023-12-06 00:45:00,61,52
2023-12-06 01:00:00,79,39
2023-12-06 01:15:00,50,46
2023-12-06 01:30:00,100,38
2023-12-06 01:45:00,62,44
2023-12-06 02:00:00,76,31
2023-12-06 02:15:00,68,24
2023-12-06 02:30:00,91,28
2023-12-06 02:45:00,58,20
2023-12-06 03:00:00,69,24
2023-12-06 03:15:00,51,20
2023-12-06 03:30:00,66,26
2023-12-06 03:45:00,50,20
2023-12-06 04:00:00,50,20
2023-12-06 04:15:00,57,28
2023-12-06 04:30:00,50,29
2023-12-06 04:45:00,50,20
2023-12-06 05:00:00,59,30
2023-12-06 05:15:00,50,24
2023-12-06 05:30:00,83,20
2023-12-06 05:45:00,85,32
2023-12-06 06:00:00,53,37
2023-12-06 06:15:00,59,26
2023-12-06 06:30:00,50,42
2023-12-06 06:45:00,80,34
2023-12-06 07:00:00,50,56
2023-12-06 07:15:00,70,56
2023-12-06 07:30:00,86,52
2023-12-06 07:45:00,54,60
2023-12-06 08:00:00,50,67
2023-12-06 08:15:00,53,77
2023-12-06 08:30:00,92,81
2023-12-06 08:45:00,82,80
2023-12-06 09:00:00,85,92
2023-12-06 09:15:00,121,94
2023-12-06 09:30:00,77,95
2023-12-06 09:45:00,102,104
2023-12-06 10:00:00,95,116
2023-12-06 10:15:00,135,114
2023-12-06 10:30:00,132,126
2023-12-06 10:45:00,137,137
2023-12-06 11:00:00,127,134
2023-12-06 11:15:00,154,145
2023-12-06 11:30:00,123,143
2023-12-06 11:45:00,124,147
2023-12-06 12:00:00,181,149
2023-12-06 12:15:00,174,168
2023-12-06 12:30:00,200,160
2023-12-06 12:45:00,154,162
2023-12-06 13:00:00,154,164
2023-12-06 13:15:00,177,177
2023-12-06 13:30:00,151,184
2023-12-06 13:45:00,200,177
2023-12-06 14:00:00,200,195
2023-12-06 14:15:00,200,197
2023-12-06 14:30:00,158,192
2023-12-06 14:45:00,199,195
2023-12-06 15:00:00,158,195
2023-12-06 15:15:00,200,191
2023-12-06 15:30:00,165,189
2023-12-06 15:45:00,200,197
2023-12-06 16:00:00,200,200
2023-12-06 16:15:00,200,200
2023-12-06 16:30:00,165,196
2023-12-06 16:45:00,186,200
2023-12-06 17:00:00,177,195
2023-12-06 17:15:00,173,195
2023-12-06 17:30:00,181,200
2023-12-06 17:45:00,200,191
2023-12-06 18:00:00,200,192
2023-12-06 18:15:00,182,194
2023-12-06 18:30:00,156,173
2023-12-06 18:45:00,159,183
2023-12-06 19:00:00,145,174
2023-12-06 19:15:00,182,165
2023-12-06 19:30:00,178,161
2023-12-06 19:45:00,195,154
2023-12-06 20:00:00,175,161
2023-12-06 20:15:00,144,156
2023-12-06 20:30:00,174,146
2023-12-06 20:45:00,163,131
2023-12-06 21:00:00,148,135
2023-12-06 21:15:00,177,123
2023-12-06 21:30:00,122,128
2023-12-06 21:45:00,111,114
2023-12-06 22:00:00,120,111
2023-12-06 22:15:00,90,105
2023-12-06 22:30:00,101,104
2023-12-06 22:45:00,129,97
2023-12-06 23:00:00,77,78
2023-12-06 23:15:00,126,84
2023-12-06 23:30:00,123,72
2023-12-06 23:45:00,124,77
2023-12-07 00:00:00,50,64
2023-12-07 00:15:00,50,59
2023-12-07 00:30:00,53,49
2023-12-07 00:45:00,105,48
2023-12-07 01:00:00,89,45
2023-12-07 01:15:00,108,47
2023-12-07 01:30:00,50,34
2023-12-07 01:45:00,50,29
2023-12-07 02:00:00,50,35
2023-12-07 02:15:00,61,39
2023-12-07 02:30:00,50,20
2023-12-07 02:45:00,87,20
2023-12-07 03:00:00,88,23
2023-12-07 03:15:00,50,31
2023-12-07 03:30:00,85,26
2023-12-07 03:45:00,80,20
2023-12-07 04:00:00,50,20
2023-12-07 04:15:00,50,29
2023-12-07 04:30:00,84,20
2023-12-07 04:45:00,60,26
2023-12-07 05:00:00,50,28
2023-12-07 05:15:00,78,20
2023-12-07 05:30:00,75,23
2023-12-07 05:45:00,79,24
2023-12-07 06:00:00,50,25
2023-12-07 06:15:00,92,42
2023-12-07 06:30:00,64,41
2023-12-07 06:45:00,53,41
2023-12-07 07:00:00,50,41
2023-12-07 07:15:00,68,59
2023-12-07 07:30:00,61,57
2023-12-07 07:45:00,106,58
2023-12-07 08:00:00,101,73
2023-12-07 08:15:00,80,64
2023-12-07 08:30:00,112,71
2023-12-07 08:45:00,88,89
2023-12-07 09:00:00,132,83
2023-12-07 09:15:00,76,82
2023-12-07 09:30:00,146,89
2023-12-07 09:45:00,94,110
2023-12-07 10:00:00,109,111
2023-12-07 10:15:00,127,107
2023-12-07 10:30:00,116,111
2023-12-07 10:45:00,160,123
2023-12-07 11:00:00,112,135
2023-12-07 11:15:00,166,139
2023-12-07 11:30:00,180,139
2023-12-07 11:45:00,157,145
2023-12-07 12:00:00,133,150
2023-12-07 12:15:00,159,157
2023-12-07 12:30:00,148,163
2023-12-07 12:45:00,192,160
2023-12-07 13:00:00,200,181
2023-12-07 13:15:00,182,179
2023-12-07 13:30:00,167,175
2023-12-07 13:45:00,167,188
2023-12-07 14:00:00,200,185
2023-12-07 14:15:00,200,195
2023-12-07 14:30:00,156,200
2023-12-07 14:45:00,168,193
2023-12-07 15:00:00,184,189
2023-12-07 15:15:00,195,195
2023-12-07 15:30:00,200,200
2023-12-07 15:45:00,200,189
2023-12-07 16:00:00,196,200
2023-12-07 16:15:00,200,199
2023-12-07 16:30:00,200,196
2023-12-07 16:45:00,200,200
2023-12-07 17:00:00,200,190
2023-12-07 17:15:00,200,194
2023-12-07 17:30:00,188,196
2023-12-07 17:45:00,200,193
2023-12-07 18:00:00,200,185
2023-12-07 18:15:00,200,191
2023-12-07 18:30:00,190,178
2023-12-07 18:45:00,154,168
2023-12-07 19:00:00,198,182
2023-12-07 19:15:00,140,168
2023-12-07 19:30:00,181,170
2023-12-07 19:45:00,150,156
2023-12-07 20:00:00,135,158
2023-12-07 20:15:00,134,159
2023-12-07 20:30:00,150,145
2023-12-07 20:45:00,129,132
2023-12-07 21:00:00,127,138
2023-12-07 21:15:00,142,119
2023-12-07 21:30:00,159,116
2023-12-07 21:45:00,158,114
2023-12-07 22:00:00,139,104
2023-12-07 22:15:00,148,104
2023-12-07 22:30:00,79,100
2023-12-07 22:45:00,104,83
2023-12-07 23:00:00,139,81
2023-12-07 23:15:00,123,75
2023-12-07 23:30:00,85,68
2023-12-07 23:45:00,62,63
2023-12-08 00:00:00,126,56
2023-12-08 00:15:00,50,66
2023-12-08 00:30:00,57,52
2023-12-08 00:45:00,113,59
2023-12-08 01:00:00,50,45
2023-12-08 01:15:00,52,52
2023-12-08 01:30:00,82,42
2023-12-08 01:45:00,96,36
2023-12-08 02:00:00,50,28
2023-12-08 02:15:00,50,20
2023-12-08 02:30:00,90,20
2023-12-08 02:45:00,61,24
2023-12-08 03:00:00,50,27
2023-12-08 03:15:00,83,25
2023-12-08 03:30:00,50,20
2023-12-08 03:45:00,50,22
2023-12-08 04:00:00,50,20
2023-12-08 04:15:00,88,20
2023-12-08 04:30:00,50,20
2023-12-08 04:45:00,79,29
2023-12-08 05:00:00,50,28
2023-12-08 05:15:00,50,25
2023-12-08 05:30:00,50,25
2023-12-08 05:45:00,72,35
2023-12-08 06:00:00,99,41
2023-12-08 06:15:00,53,32
2023-12-08 06:30:00,96,30
2023-12-08 06:45:00,54,45
2023-12-08 07:00:00,50,46
2023-12-08 07:15:00,53,60
2023-12-08 07:30:00,85,46
2023-12-08 07:45:00,105,52
2023-12-08 08:00:00,116,72
2023-12-08 08:15:00,89,77
2023-12-08 08:30:00,83,78
2023-12-08 08:45:00,118,78
2023-12-08 09:00:00,67,86
2023-12-08 09:15:00,99,98
2023-12-08 09:30:00,130,92
2023-12-08 09:45:00,122,105
2023-12-08 10:00:00,93,110
2023-12-08 10:15:00,114,111
2023-12-08 10:30:00,138,121
2023-12-08 10:45:00,116,126
2023-12-08 11:00:00,128,128
2023-12-08 11:15:00,176,133
2023-12-08 11:30:00,152,146
2023-12-08 11:45:00,134,148
2023-12-08 12:00:00,154,160
2023-12-08 12:15:00,193,152
2023-12-08 12:30:00,173,167
2023-12-08 12:45:00,200,167
2023-12-08 13:00:00,199,174
2023-12-08 13:15:00,200,169
2023-12-08 13:30:00,167,185
2023-12-08 13:45:00,200,184
2023-12-08 14:00:00,194,185
2023-12-08 14:15:00,200,199
2023-12-08 14:30:00,200,193
2023-12-08 14:45:00,200,200
2023-12-08 15:00:00,189,193
2023-12-08 15:15:00,200,200
2023-12-08 15:30:00,190,194
2023-12-08 15:45:00,200,200
2023-12-08 16:00:00,186,199
2023-12-08 16:15:00,200,200
2023-12-08 16:30:00,200,200
2023-12-08 16:45:00,177,197
2023-12-08 17:00:00,181,196
2023-12-08 17:15:00,200,185
2023-12-08 17:30:00,199,192
2023-12-08 17:45:00,168,185
2023-12-08 18:00:00,198,178
2023-12-08 18:15:00,169,175
2023-12-08 18:30:00,152,182
2023-12-08 18:45:00,146,172
2023-12-08 19:00:00,164,174
2023-12-08 19:15:00,179,177
2023-12-08 19:30:00,150,158
2023-12-08 19:45:00,171,155
2023-12-08 20:00:00,124,145
2023-12-08 20:15:00,170,145
2023-12-08 20:30:00,136,144
2023-12-08 20:45:00,127,129
2023-12-08 21:00:00,128,133
2023-12-08 21:15:00,144,124
2023-12-08 21:30:00,100,130
2023-12-08 21:45:00,93,117
2023-12-08 22:00:00,132,110
2023-12-08 22:15:00,87,104
2023-12-08 22:30:00,134,95
2023-12-08 22:45:00,131,100
2023-12-08 23:00:00,93,82
2023-12-08 23:15:00,123,76
2023-12-08 23:30:00,104,69
2023-12-08 23:45:00,89,77
2023-12-09 00:00:00,117,71
2023-12-09 00:15:00,67,64
2023-12-09 00:30:00,52,46
2023-12-09 00:45:00,88,56
2023-12-09 01:00:00,102,41
2023-12-09 01:15:00,101,51
2023-12-09 01:30:00,92,41
2023-12-09 01:45:00,89,34
2023-12-09 02:00:00,55,33
2023-12-09 02:15:00,78,22
2023-12-09 02:30:00,53,24
2023-12-09 02:45:00,92,29
2023-12-09 03:00:00,50,20
2023-12-09 03:15:00,50,20
2023-12-09 03:30:00,53,20
2023-12-09 03:45:00,50,20
2023-12-09 04:00:00,50,28
2023-12-09 04:15:00,50,20
2023-12-09 04:30:00,50,20
2023-12-09 04:45:00,88,20
2023-12-09 05:00:00,50,22
2023-12-09 05:15:00,75,34
2023-12-09 05:30:00,50,27
2023-12-09 05:45:00,67,27
2023-12-09 06:00:00,76,38
2023-12-09 06:15:00,83,36
2023-12-09 06:30:00,58,32
2023-12-09 06:45:00,50,38
2023-12-09 07:00:00,105,41
2023-12-09 07:15:00,50,52
2023-12-09 07:30:00,117,62
2023-12-09 07:45:00,63,61
2023-12-09 08:00:00,116,59
2023-12-09 08:15:00,53,69
2023-12-09 08:30:00,99,81
2023-12-09 08:45:00,92,81
2023-12-09 09:00:00,142,86
2023-12-09 09:15:00,148,99
2023-12-09 09:30:00,78,100
2023-12-09 09:45:00,92,99
2023-12-09 10:00:00,158,113
2023-12-09 10:15:00,147,112
2023-12-09 10:30:00,151,128
2023-12-09 10:45:00,105,123
2023-12-09 11:00:00,171,123
2023-12-09 11:15:00,140,144
2023-12-09 11:30:00,118,139
2023-12-09 11:45:00,184,143
2023-12-09 12:00:00,189,159
2023-12-09 12:15:00,155,156
2023-12-09 12:30:00,156,160
2023-12-09 12:45:00,184,171
2023-12-09 13:00:00,170,181
2023-12-09 13:15:00,200,179
2023-12-09 13:30:00,200,178
2023-12-09 13:45:00,200,186
2023-12-09 14:00:00,167,180
2023-12-09 14:15:00,200,198
2023-12-09 14:30:00,200,191
2023-12-09 14:45:00,200,186
2023-12-09 15:00:00,200,191
2023-12-09 15:15:00,200,200
2023-12-09 15:30:00,180,192
2023-12-09 15:45:00,200,199
2023-12-09 16:00:00,177,199
2023-12-09 16:15:00,200,200
2023-12-09 16:30:00,182,189
2023-12-09 16:45:00,189,194
2023-12-09 17:00:00,200,193
2023-12-09 17:15:00,164,186
2023-12-09 17:30:00,179,190
2023-12-09 17:45:00,181,182
2023-12-09 18:00:00,200,184
2023-12-09 18:15:00,199,191
2023-12-09 18:30:00,160,184
2023-12-09 18:45:00,198,173
2023-12-09 19:00:00,179,168
2023-12-09 19:15:00,200,170
2023-12-09 19:30:00,169,171
2023-12-09 19:45:00,156,159
2023-12-09 20:00:00,129,154
2023-12-09 20:15:00,155,153
2023-12-09 20:30:00,148,141
2023-12-09 20:45:00,136,144
2023-12-09 21:00:00,142,125
2023-12-09 21:15:00,164,137
2023-12-09 21:30:00,131,114
2023-12-09 21:45:00,128,118
2023-12-09 22:00:00,129,111
2023-12-09 22:15:00,145,100
2023-12-09 22:30:00,76,103
2023-12-09 22:45:00,120,91
2023-12-09 23:00:00,70,87
2023-12-09 23:15:00,126,81
2023-12-09 23:30:00,121,84
2023-12-09 23:45:00,69,75
2023-12-10 00:00:00,71,59
2023-12-10 00:15:00,109,61
2023-12-10 00:30:00,95,53
2023-12-10 00:45:00,87,56
2023-12-10 01:00:00,50,55
2023-12-10 01:15:00,67,40
2023-12-10 01:30:00,98,31
2023-12-10 01:45:00,72,26
2023-12-10 02:00:00,50,22
2023-12-10 02:15:00,64,37
2023-12-10 02:30:00,78,31
2023-12-10 02:45:00,90,25
2023-12-10 03:00:00,50,20
2023-12-10 03:15:00,50,20
2023-12-10 03:30:00,50,20
2023-12-10 03:45:00,86,20
2023-12-10 04:00:00,56,20
2023-12-10 04:15:00,50,20
2023-12-10 04:30:00,50,26
2023-12-10 04:45:00,83,22
2023-12-10 05:00:00,50,20
2023-12-10 05:15:00,50,20
2023-12-10 05:30:00,59,24
2023-12-10 05:45:00,94,33
2023-12-10 06:00:00,50,27
2023-12-10 06:15:00,99,43
2023-12-10 06:30:00,100,46
2023-12-10 06:45:00,53,43
2023-12-10 07:00:00,52,52
2023-12-10 07:15:00,115,58
2023-12-10 07:30:00,74,51
2023-12-10 07:45:00,94,51
2023-12-10 08:00:00,95,70
2023-12-10 08:15:00,68,61
2023-12-10 08:30:00,90,78
2023-12-10 08:45:00,119,75
2023-12-10 09:00:00,88,77
2023-12-10 09:15:00,126,85
2023-12-10 09:30:00,117,105
2023-12-10 09:45:00,103,106
2023-12-10 10:00:00,105,107
2023-12-10 10:15:00,94,118
2023-12-10 10:30:00,169,123
2023-12-10 10:45:00,151,133
2023-12-10 11:00:00,127,124
2023-12-10 11:15:00,185,141
2023-12-10 11:30:00,147,148
2023-12-10 11:45:00,144,147
2023-12-10 12:00:00,168,149
2023-12-10 12:15:00,187,160
2023-12-10 12:30:00,200,165
2023-12-10 12:45:00,147,173
2023-12-10 13:00:00,195,183
2023-12-10 13:15:00,159,177
2023-12-10 13:30:00,170,191
2023-12-10 13:45:00,187,179
2023-12-10 14:00:00,184,183
2023-12-10 14:15:00,191,185
2023-12-10 14:30:00,172,200
2023-12-10 14:45:00,164,200
2023-12-10 15:00:00,196,194
2023-12-10 15:15:00,188,200
2023-12-10 15:30:00,178,197
2023-12-10 15:45:00,198,197
2023-12-10 16:00:00,179,198
2023-12-10 16:15:00,200,197
2023-12-10 16:30:00,200,200
2023-12-10 16:45:00,187,197
2023-12-10 17:00:00,200,200
2023-12-10 17:15:00,169,187
2023-12-10 17:30:00,180,200
2023-12-10 17:45:00,182,191
2023-12-10 18:00:00,184,182
2023-12-10 18:15:00,151,191
2023-12-10 18:30:00,186,190
2023-12-10 18:45:00,200,169
2023-12-10 19:00:00,187,179
2023-12-10 19:15:00,200,161
2023-12-10 19:30:00,157,167
2023-12-10 19:45:00,158,151
2023-12-10 20:00:00,195,158
2023-12-10 20:15:00,155,159
2023-12-10 20:30:00,186,137
2023-12-10 20:45:00,141,136
2023-12-10 21:00:00,142,131
2023-12-10 21:15:00,172,118
2023-12-10 21:30:00,130,116
2023-12-10 21:45:00,143,115
2023-12-10 22:00:00,163,114
2023-12-10 22:15:00,90,112
2023-12-10 22:30:00,149,103
2023-12-10 22:45:00,77,99
2023-12-10 23:00:00,135,83
2023-12-10 23:15:00,127,88
2023-12-10 23:30:00,108,72
2023-12-10 23:45:00,90,74
2023-12-11 00:00:00,72,59
2023-12-11 00:15:00,53,68
2023-12-11 00:30:00,106,64
2023-12-11 00:45:00,68,50
2023-12-11 01:00:00,50,42
2023-12-11 01:15:00,63,48
2023-12-11 01:30:00,50,36
2023-12-11 01:45:00,64,35
2023-12-11 02:00:00,83,33
2023-12-11 02:15:00,76,30
2023-12-11 02:30:00,71,24
2023-12-11 02:45:00,50,27
2023-12-11 03:00:00,50,20
2023-12-11 03:15:00,79,20
2023-12-11 03:30:00,51,20
2023-12-11 03:45:00,80,20
2023-12-11 04:00:00,79,27
2023-12-11 04:15:00,50,22
2023-12-11 04:30:00,71,24
2023-12-11 04:45:00,65,21
2023-12-11 05:00:00,76,31
2023-12-11 05:15:00,50,23
2023-12-11 05:30:00,50,35
2023-12-11 05:45:00,69,26
2023-12-11 06:00:00,74,32
2023-12-11 06:15:00,50,41
2023-12-11 06:30:00,76,48
2023-12-11 06:45:00,50,44
2023-12-11 07:00:00,89,48
2023-12-11 07:15:00,50,60
2023-12-11 07:30:00,50,55
2023-12-11 07:45:00,50,62
2023-12-11 08:00:00,79,67
2023-12-11 08:15:00,114,72
2023-12-11 08:30:00,126,79
2023-12-11 08:45:00,90,76
2023-12-11 09:00:00,92,85
2023-12-11 09:15:00,80,84
2023-12-11 09:30:00,76,99
2023-12-11 09:45:00,139,111
2023-12-11 10:00:00,143,115
2023-12-11 10:15:00,136,105
2023-12-11 10:30:00,167,126
2023-12-11 10:45:00,105,119
2023-12-11 11:00:00,160,124
2023-12-11 11:15:00,188,130
2023-12-11 11:30:00,125,140
2023-12-11 11:45:00,145,150
2023-12-11 12:00:00,171,156
2023-12-11 12:15:00,130,163
2023-12-11 12:30:00,147,167
2023-12-11 12:45:00,194,172
2023-12-11 13:00:00,200,173
2023-12-11 13:15:00,167,176
2023-12-11 13:30:00,200,189
2023-12-11 13:45:00,155,192
2023-12-11 14:00:00,200,195
2023-12-11 14:15:00,200,189
2023-12-11 14:30:00,200,196
2023-12-11 14:45:00,200,200
2023-12-11 15:00:00,160,200
2023-12-11 15:15:00,200,197
2023-12-11 15:30:00,193,197
2023-12-11 15:45:00,200,191
2023-12-11 16:00:00,167,192
2023-12-11 16:15:00,200,200
2023-12-11 16:30:00,166,195
2023-12-11 16:45:00,200,197
2023-12-11 17:00:00,174,187
2023-12-11 17:15:00,200,200
2023-12-11 17:30:00,172,184
2023-12-11 17:45:00,153,197
2023-12-11 18:00:00,168,187
2023-12-11 18:15:00,200,192
2023-12-11 18:30:00,154,175
2023-12-11 18:45:00,200,176
2023-12-11 19:00:00,172,176
2023-12-11 19:15:00,142,174
2023-12-11 19:30:00,180,169
2023-12-11 19:45:00,200,169
2023-12-11 20:00:00,171,159
2023-12-11 20:15:00,151,156
2023-12-11 20:30:00,188,137
2023-12-11 20:45:00,167,140
2023-12-11 21:00:00,150,138
2023-12-11 21:15:00,99,126
2023-12-11 21:30:00,108,118
2023-12-11 21:45:00,124,106
2023-12-11 22:00:00,130,110
2023-12-11 22:15:00,124,99
2023-12-11 22:30:00,92,103
2023-12-11 22:45:00,77,87
2023-12-11 23:00:00,129,90
2023-12-11 23:15:00,91,87
2023-12-11 23:30:00,123,71
2023-12-11 23:45:00,56,60
2023-12-12 00:00:00,120,57
2023-12-12 00:15:00,122,64
2023-12-12 00:30:00,103,62
2023-12-12 00:45:00,51,48
2023-12-12 01:00:00,77,50
2023-12-12 01:15:00,100,46
2023-12-12 01:30:00,50,30
2023-12-12 01:45:00,55,41
2023-12-12 02:00:00,70,38
2023-12-12 02:15:00,93,33
2023-12-12 02:30:00,63,28
2023-12-12 02:45:00,50,20
2023-12-12 03:00:00,50,29
2023-12-12 03:15:00,70,22
2023-12-12 03:30:00,50,27
2023-12-12 03:45:00,50,20
2023-12-12 04:00:00,77,20
2023-12-12 04:15:00,88,28
2023-12-12 04:30:00,50,24
2023-12-12 04:45:00,62,21
2023-12-12 05:00:00,66,29
2023-12-12 05:15:00,56,24
2023-12-12 05:30:00,60,23
2023-12-12 05:45:00,82,30
2023-12-12 06:00:00,76,25
2023-12-12 06:15:00,50,26
2023-12-12 06:30:00,103,44
2023-12-12 06:45:00,50,43
2023-12-12 07:00:00,56,43
2023-12-12 07:15:00,50,55
2023-12-12 07:30:00,118,52
2023-12-12 07:45:00,94,53
2023-12-12 08:00:00,123,62
2023-12-12 08:15:00,97,70
2023-12-12 08:30:00,90,71
2023-12-12 08:45:00,63,85
2023-12-12 09:00:00,76,83
2023-12-12 09:15:00,103,91
2023-12-12 09:30:00,95,99
2023-12-12 09:45:00,142,105
2023-12-12 10:00:00,163,101
2023-12-12 10:15:00,96,119
2023-12-12 10:30:00,106,117
2023-12-12 10:45:00,177,133
2023-12-12 11:00:00,107,137
2023-12-12 11:15:00,145,146
2023-12-12 11:30:00,116,144
2023-12-12 11:45:00,142,153
2023-12-12 12:00:00,128,158
2023-12-12 12:15:00,168,164
2023-12-12 12:30:00,190,156
2023-12-12 12:45:00,161,176
2023-12-12 13:00:00,167,176
2023-12-12 13:15:00,151,178
2023-12-12 13:30:00,177,180
2023-12-12 13:45:00,174,193
2023-12-12 14:00:00,167,193
2023-12-12 14:15:00,181,188
2023-12-12 14:30:00,155,187
2023-12-12 14:45:00,200,185
2023-12-12 15:00:00,166,200
2023-12-12 15:15:00,195,200
2023-12-12 15:30:00,198,192
2023-12-12 15:45:00,200,200
2023-12-12 16:00:00,200,194
2023-12-12 16:15:00,200,200
2023-12-12 16:30:00,180,190
2023-12-12 16:45:00,200,194
2023-12-12 17:00:00,175,193
2023-12-12 17:15:00,198,196
2023-12-12 17:30:00,200,198
2023-12-12 17:45:00,153,196
2023-12-12 18:00:00,155,188
2023-12-12 18:15:00,200,180
2023-12-12 18:30:00,200,171
2023-12-12 18:45:00,159,182
2023-12-12 19:00:00,171,173
2023-12-12 19:15:00,196,162
2023-12-12 19:30:00,136,165
2023-12-12 19:45:00,200,165
2023-12-12 20:00:00,127,146
2023-12-12 20:15:00,132,141
2023-12-12 20:30:00,147,152
2023-12-12 20:45:00,178,141
2023-12-12 21:00:00,164,132
2023-12-12 21:15:00,148,123
2023-12-12 21:30:00,125,125
2023-12-12 21:45:00,168,110
2023-12-12 22:00:00,102,108
2023-12-12 22:15:00,152,96
2023-12-12 22:30:00,154,107
2023-12-12 22:45:00,101,91
2023-12-12 23:00:00,100,83
2023-12-12 23:15:00,122,75
2023-12-12 23:30:00,56,66
2023-12-12 23:45:00,103,75
2023-12-13 00:00:00,81,72
2023-12-13 00:15:00,50,69
2023-12-13 00:30:00,86,48
2023-12-13 00:45:00,86,59
2023-12-13 01:00:00,86,54
2023-12-13 01:15:00,50,47
2023-12-13 01:30:00,81,35
2023-12-13 01:45:00,85,38
2023-12-13 02:00:00,50,29
2023-12-13 02:15:00,81,32
2023-12-13 02:30:00,60,21
2023-12-13 02:45:00,68,32
2023-12-13 03:00:00,57,32
2023-12-13 03:15:00,50,24
2023-12-13 03:30:00,50,29
2023-12-13 03:45:00,67,20
2023-12-13 04:00:00,64,23
2023-12-13 04:15:00,50,20
2023-12-13 04:30:00,50,22
2023-12-13 04:45:00,87,28
2023-12-13 05:00:00,50,32
2023-12-13 05:15:00,90,28
2023-12-13 05:30:00,50,21
2023-12-13 05:45:00,89,20
2023-12-13 06:00:00,50,28
2023-12-13 06:15:00,50,30
2023-12-13 06:30:00,58,43
2023-12-13 06:45:00,75,39
2023-12-13 07:00:00,98,55
2023-12-13 07:15:00,50,53
2023-12-13 07:30:00,92,60
2023-12-13 07:45:00,66,55
2023-12-13 08:00:00,123,65
2023-12-13 08:15:00,61,75
2023-12-13 08:30:00,102,74
2023-12-13 08:45:00,67,83
2023-12-13 09:00:00,139,79
2023-12-13 09:15:00,147,94
2023-12-13 09:30:00,128,106
2023-12-13 09:45:00,131,108
2023-12-13 10:00:00,138,119
2023-12-13 10:15:00,103,117
2023-12-13 10:30:00,114,118
2023-12-13 10:45:00,109,122
2023-12-13 11:00:00,160,128
2023-12-13 11:15:00,181,133
2023-12-13 11:30:00,175,149
2023-12-13 11:45:00,197,144
2023-12-13 12:00:00,125,159
2023-12-13 12:15:00,185,162
2023-12-13 12:30:00,197,169
2023-12-13 12:45:00,200,161
2023-12-13 13:00:00,200,173
2023-12-13 13:15:00,152,177
2023-12-13 13:30:00,200,184
2023-12-13 13:45:00,158,181
2023-12-13 14:00:00,195,184
2023-12-13 14:15:00,182,195
2023-12-13 14:30:00,196,189
2023-12-13 14:45:00,193,199
2023-12-13 15:00:00,168,200
2023-12-13 15:15:00,200,189
2023-12-13 15:30:00,200,200
2023-12-13 15:45:00,200,200
2023-12-13 16:00:00,200,200
2023-12-13 16:15:00,186,197
2023-12-13 16:30:00,166,200
2023-12-13 16:45:00,200,196
2023-12-13 17:00:00,200,200
2023-12-13 17:15:00,200,190
2023-12-13 17:30:00,200,193
2023-12-13 17:45:00,200,198
2023-12-13 18:00:00,200,183
2023-12-13 18:15:00,193,188
2023-12-13 18:30:00,188,186
2023-12-13 18:45:00,200,180
2023-12-13 19:00:00,186,171
2023-12-13 19:15:00,175,175
2023-12-13 19:30:00,149,159
2023-12-13 19:45:00,130,154
2023-12-13 20:00:00,127,147
2023-12-13 20:15:00,122,147
2023-12-13 20:30:00,164,139
2023-12-13 20:45:00,161,146
2023-12-13 21:00:00,170,132
2023-12-13 21:15:00,175,134
2023-12-13 21:30:00,168,127
2023-12-13 21:45:00,149,108
2023-12-13 22:00:00,130,114
2023-12-13 22:15:00,158,113
2023-12-13 22:30:00,146,91
2023-12-13 22:45:00,84,85
2023-12-13 23:00:00,119,85
2023-12-13 23:15:00,112,83
2023-12-13 23:30:00,100,72
2023-12-13 23:45:00,100,70
